2567-3,86010001,นักเรียนจบทั้งหมด,0,0,0
2567-3,86010001,ศึกษาต่อ ม.4 โรงเรียนเดิม,0,0,0
2567-3,86010001,ศึกษาต่อ ม.4 โรงเรียนอื่น ในจังหวัดเดิม,0,0,0
2567-3,86010001,ศึกษาต่อ ม.4 โรงเรียนอื่น ในต่างจังหวัด,0,0,0
2567-3,86010001,ศึกษาต่อ ม.4 โรงเรียนอื่น ใน กทม.,0,0,0
2567-3,86010001,สถาบันอาชีวศึกษาของรัฐบาล,0,0,0
2567-3,86010001,สถาบันอาชีวศึกษาของเอกชน,0,0,0
2567-3,86010001,ศึกษาต่อสถาบันอื่น ๆ,0,0,0
2567-3,86010001,ไม่ศึกษาต่อ ทำงานภาคอุตสาหกรรม,0,0,0
2567-3,86010001,ไม่ศึกษาต่อ ทำงานภาคการเกษตร,0,0,0
2567-3,86010001,ไม่ศึกษาต่อ ทำงานการประมง,0,0,0
2567-3,86010001,ไม่ศึกษาต่อ ทำงานค้าขาย ธุรกิจ,0,0,0
2567-3,86010001,ไม่ศึกษาต่อ ทำงานบริการ,0,0,0
2567-3,86010001,ไม่ศึกษาต่อ ทำงานรับจ้างทั่วไป,0,0,0
2567-3,86010001,ไม่ศึกษาต่อ ทำงานอื่น ๆ,0,0,0
2567-3,86010001,บวชในศาสนา,0,0,0
2567-3,86010001,ไม่ประกอบอาชีพและไม่ศึกษาต่อ,0,0,0
2567-3,86010001,อื่น ๆ,0,0,0
2567-3,86010002,นักเรียนจบทั้งหมด,6,6,12
2567-3,86010002,ศึกษาต่อ ม.4 โรงเรียนเดิม,0,0,0
2567-3,86010002,ศึกษาต่อ ม.4 โรงเรียนอื่น ในจังหวัดเดิม,1,3,4
2567-3,86010002,ศึกษาต่อ ม.4 โรงเรียนอื่น ในต่างจังหวัด,0,0,0
2567-3,86010002,ศึกษาต่อ ม.4 โรงเรียนอื่น ใน กทม.,0,0,0
2567-3,86010002,สถาบันอาชีวศึกษาของรัฐบาล,2,2,4
2567-3,86010002,สถาบันอาชีวศึกษาของเอกชน,0,0,0
2567-3,86010002,ศึกษาต่อสถาบันอื่น ๆ,3,1,4
2567-3,86010002,ไม่ศึกษาต่อ ทำงานภาคอุตสาหกรรม,0,0,0
2567-3,86010002,ไม่ศึกษาต่อ ทำงานภาคการเกษตร,0,0,0
2567-3,86010002,ไม่ศึกษาต่อ ทำงานการประมง,0,0,0
2567-3,86010002,ไม่ศึกษาต่อ ทำงานค้าขาย ธุรกิจ,0,0,0
2567-3,86010002,ไม่ศึกษาต่อ ทำงานบริการ,0,0,0
2567-3,86010002,ไม่ศึกษาต่อ ทำงานรับจ้างทั่วไป,0,0,0
2567-3,86010002,ไม่ศึกษาต่อ ทำงานอื่น ๆ,0,0,0
2567-3,86010002,บวชในศาสนา,0,0,0
2567-3,86010002,ไม่ประกอบอาชีพและไม่ศึกษาต่อ,0,0,0
2567-3,86010002,อื่น ๆ,0,0,0
2567-3,86010004,นักเรียนจบทั้งหมด,0,0,0
2567-3,86010004,ศึกษาต่อ ม.4 โรงเรียนเดิม,0,0,0
2567-3,86010004,ศึกษาต่อ ม.4 โรงเรียนอื่น ในจังหวัดเดิม,0,0,0
2567-3,86010004,ศึกษาต่อ ม.4 โรงเรียนอื่น ในต่างจังหวัด,0,0,0
2567-3,86010004,ศึกษาต่อ ม.4 โรงเรียนอื่น ใน กทม.,0,0,0
2567-3,86010004,สถาบันอาชีวศึกษาของรัฐบาล,0,0,0
2567-3,86010004,สถาบันอาชีวศึกษาของเอกชน,0,0,0
2567-3,86010004,ศึกษาต่อสถาบันอื่น ๆ,0,0,0
2567-3,86010004,ไม่ศึกษาต่อ ทำงานภาคอุตสาหกรรม,0,0,0
2567-3,86010004,ไม่ศึกษาต่อ ทำงานภาคการเกษตร,0,0,0
2567-3,86010004,ไม่ศึกษาต่อ ทำงานการประมง,0,0,0
2567-3,86010004,ไม่ศึกษาต่อ ทำงานค้าขาย ธุรกิจ,0,0,0
2567-3,86010004,ไม่ศึกษาต่อ ทำงานบริการ,0,0,0
2567-3,86010004,ไม่ศึกษาต่อ ทำงานรับจ้างทั่วไป,0,0,0
2567-3,86010004,ไม่ศึกษาต่อ ทำงานอื่น ๆ,0,0,0
2567-3,86010004,บวชในศาสนา,0,0,0
2567-3,86010004,ไม่ประกอบอาชีพและไม่ศึกษาต่อ,0,0,0
2567-3,86010004,อื่น ๆ,0,0,0
2567-3,86010006,นักเรียนจบทั้งหมด,9,5,14
2567-3,86010006,ศึกษาต่อ ม.4 โรงเรียนเดิม,0,0,0
2567-3,86010006,ศึกษาต่อ ม.4 โรงเรียนอื่น ในจังหวัดเดิม,1,0,1
2567-3,86010006,ศึกษาต่อ ม.4 โรงเรียนอื่น ในต่างจังหวัด,0,0,0
2567-3,86010006,ศึกษาต่อ ม.4 โรงเรียนอื่น ใน กทม.,0,0,0
2567-3,86010006,สถาบันอาชีวศึกษาของรัฐบาล,7,5,12
2567-3,86010006,สถาบันอาชีวศึกษาของเอกชน,0,0,0
2567-3,86010006,ศึกษาต่อสถาบันอื่น ๆ,0,0,0
2567-3,86010006,ไม่ศึกษาต่อ ทำงานภาคอุตสาหกรรม,0,0,0
2567-3,86010006,ไม่ศึกษาต่อ ทำงานภาคการเกษตร,0,0,0
2567-3,86010006,ไม่ศึกษาต่อ ทำงานการประมง,0,0,0
2567-3,86010006,ไม่ศึกษาต่อ ทำงานค้าขาย ธุรกิจ,0,0,0
2567-3,86010006,ไม่ศึกษาต่อ ทำงานบริการ,0,0,0
2567-3,86010006,ไม่ศึกษาต่อ ทำงานรับจ้างทั่วไป,1,0,1
2567-3,86010006,ไม่ศึกษาต่อ ทำงานอื่น ๆ,0,0,0
2567-3,86010006,บวชในศาสนา,0,0,0
2567-3,86010006,ไม่ประกอบอาชีพและไม่ศึกษาต่อ,0,0,0
2567-3,86010006,อื่น ๆ,0,0,0
2567-3,86010008,นักเรียนจบทั้งหมด,0,0,0
2567-3,86010008,ศึกษาต่อ ม.4 โรงเรียนเดิม,0,0,0
2567-3,86010008,ศึกษาต่อ ม.4 โรงเรียนอื่น ในจังหวัดเดิม,0,0,0
2567-3,86010008,ศึกษาต่อ ม.4 โรงเรียนอื่น ในต่างจังหวัด,0,0,0
2567-3,86010008,ศึกษาต่อ ม.4 โรงเรียนอื่น ใน กทม.,0,0,0
2567-3,86010008,สถาบันอาชีวศึกษาของรัฐบาล,0,0,0
2567-3,86010008,สถาบันอาชีวศึกษาของเอกชน,0,0,0
2567-3,86010008,ศึกษาต่อสถาบันอื่น ๆ,0,0,0
2567-3,86010008,ไม่ศึกษาต่อ ทำงานภาคอุตสาหกรรม,0,0,0
2567-3,86010008,ไม่ศึกษาต่อ ทำงานภาคการเกษตร,0,0,0
2567-3,86010008,ไม่ศึกษาต่อ ทำงานการประมง,0,0,0
2567-3,86010008,ไม่ศึกษาต่อ ทำงานค้าขาย ธุรกิจ,0,0,0
2567-3,86010008,ไม่ศึกษาต่อ ทำงานบริการ,0,0,0
2567-3,86010008,ไม่ศึกษาต่อ ทำงานรับจ้างทั่วไป,0,0,0
2567-3,86010008,ไม่ศึกษาต่อ ทำงานอื่น ๆ,0,0,0
2567-3,86010008,บวชในศาสนา,0,0,0
2567-3,86010008,ไม่ประกอบอาชีพและไม่ศึกษาต่อ,0,0,0
2567-3,86010008,อื่น ๆ,0,0,0
2567-3,86010009,นักเรียนจบทั้งหมด,10,5,15
2567-3,86010009,ศึกษาต่อ ม.4 โรงเรียนเดิม,0,0,0
2567-3,86010009,ศึกษาต่อ ม.4 โรงเรียนอื่น ในจังหวัดเดิม,0,1,1
2567-3,86010009,ศึกษาต่อ ม.4 โรงเรียนอื่น ในต่างจังหวัด,0,0,0
2567-3,86010009,ศึกษาต่อ ม.4 โรงเรียนอื่น ใน กทม.,0,0,0
2567-3,86010009,สถาบันอาชีวศึกษาของรัฐบาล,10,4,14
2567-3,86010009,สถาบันอาชีวศึกษาของเอกชน,0,0,0
2567-3,86010009,ศึกษาต่อสถาบันอื่น ๆ,0,0,0
2567-3,86010009,ไม่ศึกษาต่อ ทำงานภาคอุตสาหกรรม,0,0,0
2567-3,86010009,ไม่ศึกษาต่อ ทำงานภาคการเกษตร,0,0,0
2567-3,86010009,ไม่ศึกษาต่อ ทำงานการประมง,0,0,0
2567-3,86010009,ไม่ศึกษาต่อ ทำงานค้าขาย ธุรกิจ,0,0,0
2567-3,86010009,ไม่ศึกษาต่อ ทำงานบริการ,0,0,0
2567-3,86010009,ไม่ศึกษาต่อ ทำงานรับจ้างทั่วไป,0,0,0
2567-3,86010009,ไม่ศึกษาต่อ ทำงานอื่น ๆ,0,0,0
2567-3,86010009,บวชในศาสนา,0,0,0
2567-3,86010009,ไม่ประกอบอาชีพและไม่ศึกษาต่อ,0,0,0
2567-3,86010009,อื่น ๆ,0,0,0
2567-3,86010010,นักเรียนจบทั้งหมด,40,26,66
2567-3,86010010,ศึกษาต่อ ม.4 โรงเรียนเดิม,0,0,0
2567-3,86010010,ศึกษาต่อ ม.4 โรงเรียนอื่น ในจังหวัดเดิม,1,7,8
2567-3,86010010,ศึกษาต่อ ม.4 โรงเรียนอื่น ในต่างจังหวัด,0,0,0
2567-3,86010010,ศึกษาต่อ ม.4 โรงเรียนอื่น ใน กทม.,0,0,0
2567-3,86010010,สถาบันอาชีวศึกษาของรัฐบาล,38,19,57
2567-3,86010010,สถาบันอาชีวศึกษาของเอกชน,1,0,1
2567-3,86010010,ศึกษาต่อสถาบันอื่น ๆ,0,0,0
2567-3,86010010,ไม่ศึกษาต่อ ทำงานภาคอุตสาหกรรม,0,0,0
2567-3,86010010,ไม่ศึกษาต่อ ทำงานภาคการเกษตร,0,0,0
2567-3,86010010,ไม่ศึกษาต่อ ทำงานการประมง,0,0,0
2567-3,86010010,ไม่ศึกษาต่อ ทำงานค้าขาย ธุรกิจ,0,0,0
2567-3,86010010,ไม่ศึกษาต่อ ทำงานบริการ,0,0,0
2567-3,86010010,ไม่ศึกษาต่อ ทำงานรับจ้างทั่วไป,0,0,0
2567-3,86010010,ไม่ศึกษาต่อ ทำงานอื่น ๆ,0,0,0
2567-3,86010010,บวชในศาสนา,0,0,0
2567-3,86010010,ไม่ประกอบอาชีพและไม่ศึกษาต่อ,0,0,0
2567-3,86010010,อื่น ๆ,0,0,0
2567-3,86010011,นักเรียนจบทั้งหมด,0,0,0
2567-3,86010011,ศึกษาต่อ ม.4 โรงเรียนเดิม,0,0,0
2567-3,86010011,ศึกษาต่อ ม.4 โรงเรียนอื่น ในจังหวัดเดิม,0,0,0
2567-3,86010011,ศึกษาต่อ ม.4 โรงเรียนอื่น ในต่างจังหวัด,0,0,0
2567-3,86010011,ศึกษาต่อ ม.4 โรงเรียนอื่น ใน กทม.,0,0,0
2567-3,86010011,สถาบันอาชีวศึกษาของรัฐบาล,0,0,0
2567-3,86010011,สถาบันอาชีวศึกษาของเอกชน,0,0,0
2567-3,86010011,ศึกษาต่อสถาบันอื่น ๆ,0,0,0
2567-3,86010011,ไม่ศึกษาต่อ ทำงานภาคอุตสาหกรรม,0,0,0
2567-3,86010011,ไม่ศึกษาต่อ ทำงานภาคการเกษตร,0,0,0
2567-3,86010011,ไม่ศึกษาต่อ ทำงานการประมง,0,0,0
2567-3,86010011,ไม่ศึกษาต่อ ทำงานค้าขาย ธุรกิจ,0,0,0
2567-3,86010011,ไม่ศึกษาต่อ ทำงานบริการ,0,0,0
2567-3,86010011,ไม่ศึกษาต่อ ทำงานรับจ้างทั่วไป,0,0,0
2567-3,86010011,ไม่ศึกษาต่อ ทำงานอื่น ๆ,0,0,0
2567-3,86010011,บวชในศาสนา,0,0,0
2567-3,86010011,ไม่ประกอบอาชีพและไม่ศึกษาต่อ,0,0,0
2567-3,86010011,อื่น ๆ,0,0,0
2567-3,86010013,นักเรียนจบทั้งหมด,0,0,0
2567-3,86010013,ศึกษาต่อ ม.4 โรงเรียนเดิม,0,0,0
2567-3,86010013,ศึกษาต่อ ม.4 โรงเรียนอื่น ในจังหวัดเดิม,0,0,0
2567-3,86010013,ศึกษาต่อ ม.4 โรงเรียนอื่น ในต่างจังหวัด,0,0,0
2567-3,86010013,ศึกษาต่อ ม.4 โรงเรียนอื่น ใน กทม.,0,0,0
2567-3,86010013,สถาบันอาชีวศึกษาของรัฐบาล,0,0,0
2567-3,86010013,สถาบันอาชีวศึกษาของเอกชน,0,0,0
2567-3,86010013,ศึกษาต่อสถาบันอื่น ๆ,0,0,0
2567-3,86010013,ไม่ศึกษาต่อ ทำงานภาคอุตสาหกรรม,0,0,0
2567-3,86010013,ไม่ศึกษาต่อ ทำงานภาคการเกษตร,0,0,0
2567-3,86010013,ไม่ศึกษาต่อ ทำงานการประมง,0,0,0
2567-3,86010013,ไม่ศึกษาต่อ ทำงานค้าขาย ธุรกิจ,0,0,0
2567-3,86010013,ไม่ศึกษาต่อ ทำงานบริการ,0,0,0
2567-3,86010013,ไม่ศึกษาต่อ ทำงานรับจ้างทั่วไป,0,0,0
2567-3,86010013,ไม่ศึกษาต่อ ทำงานอื่น ๆ,0,0,0
2567-3,86010013,บวชในศาสนา,0,0,0
2567-3,86010013,ไม่ประกอบอาชีพและไม่ศึกษาต่อ,0,0,0
2567-3,86010013,อื่น ๆ,0,0,0
2567-3,86010014,นักเรียนจบทั้งหมด,0,0,0
2567-3,86010014,ศึกษาต่อ ม.4 โรงเรียนเดิม,0,0,0
2567-3,86010014,ศึกษาต่อ ม.4 โรงเรียนอื่น ในจังหวัดเดิม,0,0,0
2567-3,86010014,ศึกษาต่อ ม.4 โรงเรียนอื่น ในต่างจังหวัด,0,0,0
2567-3,86010014,ศึกษาต่อ ม.4 โรงเรียนอื่น ใน กทม.,0,0,0
2567-3,86010014,สถาบันอาชีวศึกษาของรัฐบาล,0,0,0
2567-3,86010014,สถาบันอาชีวศึกษาของเอกชน,0,0,0
2567-3,86010014,ศึกษาต่อสถาบันอื่น ๆ,0,0,0
2567-3,86010014,ไม่ศึกษาต่อ ทำงานภาคอุตสาหกรรม,0,0,0
2567-3,86010014,ไม่ศึกษาต่อ ทำงานภาคการเกษตร,0,0,0
2567-3,86010014,ไม่ศึกษาต่อ ทำงานการประมง,0,0,0
2567-3,86010014,ไม่ศึกษาต่อ ทำงานค้าขาย ธุรกิจ,0,0,0
2567-3,86010014,ไม่ศึกษาต่อ ทำงานบริการ,0,0,0
2567-3,86010014,ไม่ศึกษาต่อ ทำงานรับจ้างทั่วไป,0,0,0
2567-3,86010014,ไม่ศึกษาต่อ ทำงานอื่น ๆ,0,0,0
2567-3,86010014,บวชในศาสนา,0,0,0
2567-3,86010014,ไม่ประกอบอาชีพและไม่ศึกษาต่อ,0,0,0
2567-3,86010014,อื่น ๆ,0,0,0
2567-3,86010015,นักเรียนจบทั้งหมด,0,0,0
2567-3,86010015,ศึกษาต่อ ม.4 โรงเรียนเดิม,0,0,0
2567-3,86010015,ศึกษาต่อ ม.4 โรงเรียนอื่น ในจังหวัดเดิม,0,0,0
2567-3,86010015,ศึกษาต่อ ม.4 โรงเรียนอื่น ในต่างจังหวัด,0,0,0
2567-3,86010015,ศึกษาต่อ ม.4 โรงเรียนอื่น ใน กทม.,0,0,0
2567-3,86010015,สถาบันอาชีวศึกษาของรัฐบาล,0,0,0
2567-3,86010015,สถาบันอาชีวศึกษาของเอกชน,0,0,0
2567-3,86010015,ศึกษาต่อสถาบันอื่น ๆ,0,0,0
2567-3,86010015,ไม่ศึกษาต่อ ทำงานภาคอุตสาหกรรม,0,0,0
2567-3,86010015,ไม่ศึกษาต่อ ทำงานภาคการเกษตร,0,0,0
2567-3,86010015,ไม่ศึกษาต่อ ทำงานการประมง,0,0,0
2567-3,86010015,ไม่ศึกษาต่อ ทำงานค้าขาย ธุรกิจ,0,0,0
2567-3,86010015,ไม่ศึกษาต่อ ทำงานบริการ,0,0,0
2567-3,86010015,ไม่ศึกษาต่อ ทำงานรับจ้างทั่วไป,0,0,0
2567-3,86010015,ไม่ศึกษาต่อ ทำงานอื่น ๆ,0,0,0
2567-3,86010015,บวชในศาสนา,0,0,0
2567-3,86010015,ไม่ประกอบอาชีพและไม่ศึกษาต่อ,0,0,0
2567-3,86010015,อื่น ๆ,0,0,0
2567-3,86010016,นักเรียนจบทั้งหมด,0,0,0
2567-3,86010016,ศึกษาต่อ ม.4 โรงเรียนเดิม,0,0,0
2567-3,86010016,ศึกษาต่อ ม.4 โรงเรียนอื่น ในจังหวัดเดิม,0,0,0
2567-3,86010016,ศึกษาต่อ ม.4 โรงเรียนอื่น ในต่างจังหวัด,0,0,0
2567-3,86010016,ศึกษาต่อ ม.4 โรงเรียนอื่น ใน กทม.,0,0,0
2567-3,86010016,สถาบันอาชีวศึกษาของรัฐบาล,0,0,0
2567-3,86010016,สถาบันอาชีวศึกษาของเอกชน,0,0,0
2567-3,86010016,ศึกษาต่อสถาบันอื่น ๆ,0,0,0
2567-3,86010016,ไม่ศึกษาต่อ ทำงานภาคอุตสาหกรรม,0,0,0
2567-3,86010016,ไม่ศึกษาต่อ ทำงานภาคการเกษตร,0,0,0
2567-3,86010016,ไม่ศึกษาต่อ ทำงานการประมง,0,0,0
2567-3,86010016,ไม่ศึกษาต่อ ทำงานค้าขาย ธุรกิจ,0,0,0
2567-3,86010016,ไม่ศึกษาต่อ ทำงานบริการ,0,0,0
2567-3,86010016,ไม่ศึกษาต่อ ทำงานรับจ้างทั่วไป,0,0,0
2567-3,86010016,ไม่ศึกษาต่อ ทำงานอื่น ๆ,0,0,0
2567-3,86010016,บวชในศาสนา,0,0,0
2567-3,86010016,ไม่ประกอบอาชีพและไม่ศึกษาต่อ,0,0,0
2567-3,86010016,อื่น ๆ,0,0,0
2567-3,86010017,นักเรียนจบทั้งหมด,7,8,15
2567-3,86010017,ศึกษาต่อ ม.4 โรงเรียนเดิม,0,0,0
2567-3,86010017,ศึกษาต่อ ม.4 โรงเรียนอื่น ในจังหวัดเดิม,4,5,9
2567-3,86010017,ศึกษาต่อ ม.4 โรงเรียนอื่น ในต่างจังหวัด,1,0,1
2567-3,86010017,ศึกษาต่อ ม.4 โรงเรียนอื่น ใน กทม.,0,0,0
2567-3,86010017,สถาบันอาชีวศึกษาของรัฐบาล,2,3,5
2567-3,86010017,สถาบันอาชีวศึกษาของเอกชน,0,0,0
2567-3,86010017,ศึกษาต่อสถาบันอื่น ๆ,0,0,0
2567-3,86010017,ไม่ศึกษาต่อ ทำงานภาคอุตสาหกรรม,0,0,0
2567-3,86010017,ไม่ศึกษาต่อ ทำงานภาคการเกษตร,0,0,0
2567-3,86010017,ไม่ศึกษาต่อ ทำงานการประมง,0,0,0
2567-3,86010017,ไม่ศึกษาต่อ ทำงานค้าขาย ธุรกิจ,0,0,0
2567-3,86010017,ไม่ศึกษาต่อ ทำงานบริการ,0,0,0
2567-3,86010017,ไม่ศึกษาต่อ ทำงานรับจ้างทั่วไป,0,0,0
2567-3,86010017,ไม่ศึกษาต่อ ทำงานอื่น ๆ,0,0,0
2567-3,86010017,บวชในศาสนา,0,0,0
2567-3,86010017,ไม่ประกอบอาชีพและไม่ศึกษาต่อ,0,0,0
2567-3,86010017,อื่น ๆ,0,0,0
2567-3,86010019,นักเรียนจบทั้งหมด,0,0,0
2567-3,86010019,ศึกษาต่อ ม.4 โรงเรียนเดิม,0,0,0
2567-3,86010019,ศึกษาต่อ ม.4 โรงเรียนอื่น ในจังหวัดเดิม,0,0,0
2567-3,86010019,ศึกษาต่อ ม.4 โรงเรียนอื่น ในต่างจังหวัด,0,0,0
2567-3,86010019,ศึกษาต่อ ม.4 โรงเรียนอื่น ใน กทม.,0,0,0
2567-3,86010019,สถาบันอาชีวศึกษาของรัฐบาล,0,0,0
2567-3,86010019,สถาบันอาชีวศึกษาของเอกชน,0,0,0
2567-3,86010019,ศึกษาต่อสถาบันอื่น ๆ,0,0,0
2567-3,86010019,ไม่ศึกษาต่อ ทำงานภาคอุตสาหกรรม,0,0,0
2567-3,86010019,ไม่ศึกษาต่อ ทำงานภาคการเกษตร,0,0,0
2567-3,86010019,ไม่ศึกษาต่อ ทำงานการประมง,0,0,0
2567-3,86010019,ไม่ศึกษาต่อ ทำงานค้าขาย ธุรกิจ,0,0,0
2567-3,86010019,ไม่ศึกษาต่อ ทำงานบริการ,0,0,0
2567-3,86010019,ไม่ศึกษาต่อ ทำงานรับจ้างทั่วไป,0,0,0
2567-3,86010019,ไม่ศึกษาต่อ ทำงานอื่น ๆ,0,0,0
2567-3,86010019,บวชในศาสนา,0,0,0
2567-3,86010019,ไม่ประกอบอาชีพและไม่ศึกษาต่อ,0,0,0
2567-3,86010019,อื่น ๆ,0,0,0
2567-3,86010020,นักเรียนจบทั้งหมด,0,0,0
2567-3,86010020,ศึกษาต่อ ม.4 โรงเรียนเดิม,0,0,0
2567-3,86010020,ศึกษาต่อ ม.4 โรงเรียนอื่น ในจังหวัดเดิม,0,0,0
2567-3,86010020,ศึกษาต่อ ม.4 โรงเรียนอื่น ในต่างจังหวัด,0,0,0
2567-3,86010020,ศึกษาต่อ ม.4 โรงเรียนอื่น ใน กทม.,0,0,0
2567-3,86010020,สถาบันอาชีวศึกษาของรัฐบาล,0,0,0
2567-3,86010020,สถาบันอาชีวศึกษาของเอกชน,0,0,0
2567-3,86010020,ศึกษาต่อสถาบันอื่น ๆ,0,0,0
2567-3,86010020,ไม่ศึกษาต่อ ทำงานภาคอุตสาหกรรม,0,0,0
2567-3,86010020,ไม่ศึกษาต่อ ทำงานภาคการเกษตร,0,0,0
2567-3,86010020,ไม่ศึกษาต่อ ทำงานการประมง,0,0,0
2567-3,86010020,ไม่ศึกษาต่อ ทำงานค้าขาย ธุรกิจ,0,0,0
2567-3,86010020,ไม่ศึกษาต่อ ทำงานบริการ,0,0,0
2567-3,86010020,ไม่ศึกษาต่อ ทำงานรับจ้างทั่วไป,0,0,0
2567-3,86010020,ไม่ศึกษาต่อ ทำงานอื่น ๆ,0,0,0
2567-3,86010020,บวชในศาสนา,0,0,0
2567-3,86010020,ไม่ประกอบอาชีพและไม่ศึกษาต่อ,0,0,0
2567-3,86010020,อื่น ๆ,0,0,0
2567-3,86010021,นักเรียนจบทั้งหมด,88,70,158
2567-3,86010021,ศึกษาต่อ ม.4 โรงเรียนเดิม,22,35,57
2567-3,86010021,ศึกษาต่อ ม.4 โรงเรียนอื่น ในจังหวัดเดิม,13,15,28
2567-3,86010021,ศึกษาต่อ ม.4 โรงเรียนอื่น ในต่างจังหวัด,2,1,3
2567-3,86010021,ศึกษาต่อ ม.4 โรงเรียนอื่น ใน กทม.,0,0,0
2567-3,86010021,สถาบันอาชีวศึกษาของรัฐบาล,40,18,58
2567-3,86010021,สถาบันอาชีวศึกษาของเอกชน,0,0,0
2567-3,86010021,ศึกษาต่อสถาบันอื่น ๆ,11,1,12
2567-3,86010021,ไม่ศึกษาต่อ ทำงานภาคอุตสาหกรรม,0,0,0
2567-3,86010021,ไม่ศึกษาต่อ ทำงานภาคการเกษตร,0,0,0
2567-3,86010021,ไม่ศึกษาต่อ ทำงานการประมง,0,0,0
2567-3,86010021,ไม่ศึกษาต่อ ทำงานค้าขาย ธุรกิจ,0,0,0
2567-3,86010021,ไม่ศึกษาต่อ ทำงานบริการ,0,0,0
2567-3,86010021,ไม่ศึกษาต่อ ทำงานรับจ้างทั่วไป,0,0,0
2567-3,86010021,ไม่ศึกษาต่อ ทำงานอื่น ๆ,0,0,0
2567-3,86010021,บวชในศาสนา,0,0,0
2567-3,86010021,ไม่ประกอบอาชีพและไม่ศึกษาต่อ,0,0,0
2567-3,86010021,อื่น ๆ,0,0,0
2567-3,86010023,นักเรียนจบทั้งหมด,0,0,0
2567-3,86010023,ศึกษาต่อ ม.4 โรงเรียนเดิม,0,0,0
2567-3,86010023,ศึกษาต่อ ม.4 โรงเรียนอื่น ในจังหวัดเดิม,0,0,0
2567-3,86010023,ศึกษาต่อ ม.4 โรงเรียนอื่น ในต่างจังหวัด,0,0,0
2567-3,86010023,ศึกษาต่อ ม.4 โรงเรียนอื่น ใน กทม.,0,0,0
2567-3,86010023,สถาบันอาชีวศึกษาของรัฐบาล,0,0,0
2567-3,86010023,สถาบันอาชีวศึกษาของเอกชน,0,0,0
2567-3,86010023,ศึกษาต่อสถาบันอื่น ๆ,0,0,0
2567-3,86010023,ไม่ศึกษาต่อ ทำงานภาคอุตสาหกรรม,0,0,0
2567-3,86010023,ไม่ศึกษาต่อ ทำงานภาคการเกษตร,0,0,0
2567-3,86010023,ไม่ศึกษาต่อ ทำงานการประมง,0,0,0
2567-3,86010023,ไม่ศึกษาต่อ ทำงานค้าขาย ธุรกิจ,0,0,0
2567-3,86010023,ไม่ศึกษาต่อ ทำงานบริการ,0,0,0
2567-3,86010023,ไม่ศึกษาต่อ ทำงานรับจ้างทั่วไป,0,0,0
2567-3,86010023,ไม่ศึกษาต่อ ทำงานอื่น ๆ,0,0,0
2567-3,86010023,บวชในศาสนา,0,0,0
2567-3,86010023,ไม่ประกอบอาชีพและไม่ศึกษาต่อ,0,0,0
2567-3,86010023,อื่น ๆ,0,0,0
2567-3,86010024,นักเรียนจบทั้งหมด,0,0,0
2567-3,86010024,ศึกษาต่อ ม.4 โรงเรียนเดิม,0,0,0
2567-3,86010024,ศึกษาต่อ ม.4 โรงเรียนอื่น ในจังหวัดเดิม,0,0,0
2567-3,86010024,ศึกษาต่อ ม.4 โรงเรียนอื่น ในต่างจังหวัด,0,0,0
2567-3,86010024,ศึกษาต่อ ม.4 โรงเรียนอื่น ใน กทม.,0,0,0
2567-3,86010024,สถาบันอาชีวศึกษาของรัฐบาล,0,0,0
2567-3,86010024,สถาบันอาชีวศึกษาของเอกชน,0,0,0
2567-3,86010024,ศึกษาต่อสถาบันอื่น ๆ,0,0,0
2567-3,86010024,ไม่ศึกษาต่อ ทำงานภาคอุตสาหกรรม,0,0,0
2567-3,86010024,ไม่ศึกษาต่อ ทำงานภาคการเกษตร,0,0,0
2567-3,86010024,ไม่ศึกษาต่อ ทำงานการประมง,0,0,0
2567-3,86010024,ไม่ศึกษาต่อ ทำงานค้าขาย ธุรกิจ,0,0,0
2567-3,86010024,ไม่ศึกษาต่อ ทำงานบริการ,0,0,0
2567-3,86010024,ไม่ศึกษาต่อ ทำงานรับจ้างทั่วไป,0,0,0
2567-3,86010024,ไม่ศึกษาต่อ ทำงานอื่น ๆ,0,0,0
2567-3,86010024,บวชในศาสนา,0,0,0
2567-3,86010024,ไม่ประกอบอาชีพและไม่ศึกษาต่อ,0,0,0
2567-3,86010024,อื่น ๆ,0,0,0
2567-3,86010025,นักเรียนจบทั้งหมด,7,6,13
2567-3,86010025,ศึกษาต่อ ม.4 โรงเรียนเดิม,0,0,0
2567-3,86010025,ศึกษาต่อ ม.4 โรงเรียนอื่น ในจังหวัดเดิม,1,1,2
2567-3,86010025,ศึกษาต่อ ม.4 โรงเรียนอื่น ในต่างจังหวัด,0,0,0
2567-3,86010025,ศึกษาต่อ ม.4 โรงเรียนอื่น ใน กทม.,0,0,0
2567-3,86010025,สถาบันอาชีวศึกษาของรัฐบาล,4,3,7
2567-3,86010025,สถาบันอาชีวศึกษาของเอกชน,0,0,0
2567-3,86010025,ศึกษาต่อสถาบันอื่น ๆ,1,2,3
2567-3,86010025,ไม่ศึกษาต่อ ทำงานภาคอุตสาหกรรม,0,0,0
2567-3,86010025,ไม่ศึกษาต่อ ทำงานภาคการเกษตร,0,0,0
2567-3,86010025,ไม่ศึกษาต่อ ทำงานการประมง,0,0,0
2567-3,86010025,ไม่ศึกษาต่อ ทำงานค้าขาย ธุรกิจ,0,0,0
2567-3,86010025,ไม่ศึกษาต่อ ทำงานบริการ,0,0,0
2567-3,86010025,ไม่ศึกษาต่อ ทำงานรับจ้างทั่วไป,1,0,1
2567-3,86010025,ไม่ศึกษาต่อ ทำงานอื่น ๆ,0,0,0
2567-3,86010025,บวชในศาสนา,0,0,0
2567-3,86010025,ไม่ประกอบอาชีพและไม่ศึกษาต่อ,0,0,0
2567-3,86010025,อื่น ๆ,0,0,0
2567-3,86010027,นักเรียนจบทั้งหมด,0,0,0
2567-3,86010027,ศึกษาต่อ ม.4 โรงเรียนเดิม,0,0,0
2567-3,86010027,ศึกษาต่อ ม.4 โรงเรียนอื่น ในจังหวัดเดิม,0,0,0
2567-3,86010027,ศึกษาต่อ ม.4 โรงเรียนอื่น ในต่างจังหวัด,0,0,0
2567-3,86010027,ศึกษาต่อ ม.4 โรงเรียนอื่น ใน กทม.,0,0,0
2567-3,86010027,สถาบันอาชีวศึกษาของรัฐบาล,0,0,0
2567-3,86010027,สถาบันอาชีวศึกษาของเอกชน,0,0,0
2567-3,86010027,ศึกษาต่อสถาบันอื่น ๆ,0,0,0
2567-3,86010027,ไม่ศึกษาต่อ ทำงานภาคอุตสาหกรรม,0,0,0
2567-3,86010027,ไม่ศึกษาต่อ ทำงานภาคการเกษตร,0,0,0
2567-3,86010027,ไม่ศึกษาต่อ ทำงานการประมง,0,0,0
2567-3,86010027,ไม่ศึกษาต่อ ทำงานค้าขาย ธุรกิจ,0,0,0
2567-3,86010027,ไม่ศึกษาต่อ ทำงานบริการ,0,0,0
2567-3,86010027,ไม่ศึกษาต่อ ทำงานรับจ้างทั่วไป,0,0,0
2567-3,86010027,ไม่ศึกษาต่อ ทำงานอื่น ๆ,0,0,0
2567-3,86010027,บวชในศาสนา,0,0,0
2567-3,86010027,ไม่ประกอบอาชีพและไม่ศึกษาต่อ,0,0,0
2567-3,86010027,อื่น ๆ,0,0,0
2567-3,86010029,นักเรียนจบทั้งหมด,0,0,0
2567-3,86010029,ศึกษาต่อ ม.4 โรงเรียนเดิม,0,0,0
2567-3,86010029,ศึกษาต่อ ม.4 โรงเรียนอื่น ในจังหวัดเดิม,0,0,0
2567-3,86010029,ศึกษาต่อ ม.4 โรงเรียนอื่น ในต่างจังหวัด,0,0,0
2567-3,86010029,ศึกษาต่อ ม.4 โรงเรียนอื่น ใน กทม.,0,0,0
2567-3,86010029,สถาบันอาชีวศึกษาของรัฐบาล,0,0,0
2567-3,86010029,สถาบันอาชีวศึกษาของเอกชน,0,0,0
2567-3,86010029,ศึกษาต่อสถาบันอื่น ๆ,0,0,0
2567-3,86010029,ไม่ศึกษาต่อ ทำงานภาคอุตสาหกรรม,0,0,0
2567-3,86010029,ไม่ศึกษาต่อ ทำงานภาคการเกษตร,0,0,0
2567-3,86010029,ไม่ศึกษาต่อ ทำงานการประมง,0,0,0
2567-3,86010029,ไม่ศึกษาต่อ ทำงานค้าขาย ธุรกิจ,0,0,0
2567-3,86010029,ไม่ศึกษาต่อ ทำงานบริการ,0,0,0
2567-3,86010029,ไม่ศึกษาต่อ ทำงานรับจ้างทั่วไป,0,0,0
2567-3,86010029,ไม่ศึกษาต่อ ทำงานอื่น ๆ,0,0,0
2567-3,86010029,บวชในศาสนา,0,0,0
2567-3,86010029,ไม่ประกอบอาชีพและไม่ศึกษาต่อ,0,0,0
2567-3,86010029,อื่น ๆ,0,0,0
2567-3,86010030,นักเรียนจบทั้งหมด,0,0,0
2567-3,86010030,ศึกษาต่อ ม.4 โรงเรียนเดิม,0,0,0
2567-3,86010030,ศึกษาต่อ ม.4 โรงเรียนอื่น ในจังหวัดเดิม,0,0,0
2567-3,86010030,ศึกษาต่อ ม.4 โรงเรียนอื่น ในต่างจังหวัด,0,0,0
2567-3,86010030,ศึกษาต่อ ม.4 โรงเรียนอื่น ใน กทม.,0,0,0
2567-3,86010030,สถาบันอาชีวศึกษาของรัฐบาล,0,0,0
2567-3,86010030,สถาบันอาชีวศึกษาของเอกชน,0,0,0
2567-3,86010030,ศึกษาต่อสถาบันอื่น ๆ,0,0,0
2567-3,86010030,ไม่ศึกษาต่อ ทำงานภาคอุตสาหกรรม,0,0,0
2567-3,86010030,ไม่ศึกษาต่อ ทำงานภาคการเกษตร,0,0,0
2567-3,86010030,ไม่ศึกษาต่อ ทำงานการประมง,0,0,0
2567-3,86010030,ไม่ศึกษาต่อ ทำงานค้าขาย ธุรกิจ,0,0,0
2567-3,86010030,ไม่ศึกษาต่อ ทำงานบริการ,0,0,0
2567-3,86010030,ไม่ศึกษาต่อ ทำงานรับจ้างทั่วไป,0,0,0
2567-3,86010030,ไม่ศึกษาต่อ ทำงานอื่น ๆ,0,0,0
2567-3,86010030,บวชในศาสนา,0,0,0
2567-3,86010030,ไม่ประกอบอาชีพและไม่ศึกษาต่อ,0,0,0
2567-3,86010030,อื่น ๆ,0,0,0
2567-3,86010032,นักเรียนจบทั้งหมด,0,0,0
2567-3,86010032,ศึกษาต่อ ม.4 โรงเรียนเดิม,0,0,0
2567-3,86010032,ศึกษาต่อ ม.4 โรงเรียนอื่น ในจังหวัดเดิม,0,0,0
2567-3,86010032,ศึกษาต่อ ม.4 โรงเรียนอื่น ในต่างจังหวัด,0,0,0
2567-3,86010032,ศึกษาต่อ ม.4 โรงเรียนอื่น ใน กทม.,0,0,0
2567-3,86010032,สถาบันอาชีวศึกษาของรัฐบาล,0,0,0
2567-3,86010032,สถาบันอาชีวศึกษาของเอกชน,0,0,0
2567-3,86010032,ศึกษาต่อสถาบันอื่น ๆ,0,0,0
2567-3,86010032,ไม่ศึกษาต่อ ทำงานภาคอุตสาหกรรม,0,0,0
2567-3,86010032,ไม่ศึกษาต่อ ทำงานภาคการเกษตร,0,0,0
2567-3,86010032,ไม่ศึกษาต่อ ทำงานการประมง,0,0,0
2567-3,86010032,ไม่ศึกษาต่อ ทำงานค้าขาย ธุรกิจ,0,0,0
2567-3,86010032,ไม่ศึกษาต่อ ทำงานบริการ,0,0,0
2567-3,86010032,ไม่ศึกษาต่อ ทำงานรับจ้างทั่วไป,0,0,0
2567-3,86010032,ไม่ศึกษาต่อ ทำงานอื่น ๆ,0,0,0
2567-3,86010032,บวชในศาสนา,0,0,0
2567-3,86010032,ไม่ประกอบอาชีพและไม่ศึกษาต่อ,0,0,0
2567-3,86010032,อื่น ๆ,0,0,0
2567-3,86010036,นักเรียนจบทั้งหมด,0,0,0
2567-3,86010036,ศึกษาต่อ ม.4 โรงเรียนเดิม,0,0,0
2567-3,86010036,ศึกษาต่อ ม.4 โรงเรียนอื่น ในจังหวัดเดิม,0,0,0
2567-3,86010036,ศึกษาต่อ ม.4 โรงเรียนอื่น ในต่างจังหวัด,0,0,0
2567-3,86010036,ศึกษาต่อ ม.4 โรงเรียนอื่น ใน กทม.,0,0,0
2567-3,86010036,สถาบันอาชีวศึกษาของรัฐบาล,0,0,0
2567-3,86010036,สถาบันอาชีวศึกษาของเอกชน,0,0,0
2567-3,86010036,ศึกษาต่อสถาบันอื่น ๆ,0,0,0
2567-3,86010036,ไม่ศึกษาต่อ ทำงานภาคอุตสาหกรรม,0,0,0
2567-3,86010036,ไม่ศึกษาต่อ ทำงานภาคการเกษตร,0,0,0
2567-3,86010036,ไม่ศึกษาต่อ ทำงานการประมง,0,0,0
2567-3,86010036,ไม่ศึกษาต่อ ทำงานค้าขาย ธุรกิจ,0,0,0
2567-3,86010036,ไม่ศึกษาต่อ ทำงานบริการ,0,0,0
2567-3,86010036,ไม่ศึกษาต่อ ทำงานรับจ้างทั่วไป,0,0,0
2567-3,86010036,ไม่ศึกษาต่อ ทำงานอื่น ๆ,0,0,0
2567-3,86010036,บวชในศาสนา,0,0,0
2567-3,86010036,ไม่ประกอบอาชีพและไม่ศึกษาต่อ,0,0,0
2567-3,86010036,อื่น ๆ,0,0,0
2567-3,86010037,นักเรียนจบทั้งหมด,11,7,18
2567-3,86010037,ศึกษาต่อ ม.4 โรงเรียนเดิม,0,0,0
2567-3,86010037,ศึกษาต่อ ม.4 โรงเรียนอื่น ในจังหวัดเดิม,3,1,4
2567-3,86010037,ศึกษาต่อ ม.4 โรงเรียนอื่น ในต่างจังหวัด,0,0,0
2567-3,86010037,ศึกษาต่อ ม.4 โรงเรียนอื่น ใน กทม.,0,0,0
2567-3,86010037,สถาบันอาชีวศึกษาของรัฐบาล,8,6,14
2567-3,86010037,สถาบันอาชีวศึกษาของเอกชน,0,0,0
2567-3,86010037,ศึกษาต่อสถาบันอื่น ๆ,0,0,0
2567-3,86010037,ไม่ศึกษาต่อ ทำงานภาคอุตสาหกรรม,0,0,0
2567-3,86010037,ไม่ศึกษาต่อ ทำงานภาคการเกษตร,0,0,0
2567-3,86010037,ไม่ศึกษาต่อ ทำงานการประมง,0,0,0
2567-3,86010037,ไม่ศึกษาต่อ ทำงานค้าขาย ธุรกิจ,0,0,0
2567-3,86010037,ไม่ศึกษาต่อ ทำงานบริการ,0,0,0
2567-3,86010037,ไม่ศึกษาต่อ ทำงานรับจ้างทั่วไป,0,0,0
2567-3,86010037,ไม่ศึกษาต่อ ทำงานอื่น ๆ,0,0,0
2567-3,86010037,บวชในศาสนา,0,0,0
2567-3,86010037,ไม่ประกอบอาชีพและไม่ศึกษาต่อ,0,0,0
2567-3,86010037,อื่น ๆ,0,0,0
2567-3,86010039,นักเรียนจบทั้งหมด,0,0,0
2567-3,86010039,ศึกษาต่อ ม.4 โรงเรียนเดิม,0,0,0
2567-3,86010039,ศึกษาต่อ ม.4 โรงเรียนอื่น ในจังหวัดเดิม,0,0,0
2567-3,86010039,ศึกษาต่อ ม.4 โรงเรียนอื่น ในต่างจังหวัด,0,0,0
2567-3,86010039,ศึกษาต่อ ม.4 โรงเรียนอื่น ใน กทม.,0,0,0
2567-3,86010039,สถาบันอาชีวศึกษาของรัฐบาล,0,0,0
2567-3,86010039,สถาบันอาชีวศึกษาของเอกชน,0,0,0
2567-3,86010039,ศึกษาต่อสถาบันอื่น ๆ,0,0,0
2567-3,86010039,ไม่ศึกษาต่อ ทำงานภาคอุตสาหกรรม,0,0,0
2567-3,86010039,ไม่ศึกษาต่อ ทำงานภาคการเกษตร,0,0,0
2567-3,86010039,ไม่ศึกษาต่อ ทำงานการประมง,0,0,0
2567-3,86010039,ไม่ศึกษาต่อ ทำงานค้าขาย ธุรกิจ,0,0,0
2567-3,86010039,ไม่ศึกษาต่อ ทำงานบริการ,0,0,0
2567-3,86010039,ไม่ศึกษาต่อ ทำงานรับจ้างทั่วไป,0,0,0
2567-3,86010039,ไม่ศึกษาต่อ ทำงานอื่น ๆ,0,0,0
2567-3,86010039,บวชในศาสนา,0,0,0
2567-3,86010039,ไม่ประกอบอาชีพและไม่ศึกษาต่อ,0,0,0
2567-3,86010039,อื่น ๆ,0,0,0
2567-3,86010040,นักเรียนจบทั้งหมด,11,16,27
2567-3,86010040,ศึกษาต่อ ม.4 โรงเรียนเดิม,0,0,0
2567-3,86010040,ศึกษาต่อ ม.4 โรงเรียนอื่น ในจังหวัดเดิม,1,3,4
2567-3,86010040,ศึกษาต่อ ม.4 โรงเรียนอื่น ในต่างจังหวัด,0,1,1
2567-3,86010040,ศึกษาต่อ ม.4 โรงเรียนอื่น ใน กทม.,0,0,0
2567-3,86010040,สถาบันอาชีวศึกษาของรัฐบาล,7,10,17
2567-3,86010040,สถาบันอาชีวศึกษาของเอกชน,0,0,0
2567-3,86010040,ศึกษาต่อสถาบันอื่น ๆ,3,2,5
2567-3,86010040,ไม่ศึกษาต่อ ทำงานภาคอุตสาหกรรม,0,0,0
2567-3,86010040,ไม่ศึกษาต่อ ทำงานภาคการเกษตร,0,0,0
2567-3,86010040,ไม่ศึกษาต่อ ทำงานการประมง,0,0,0
2567-3,86010040,ไม่ศึกษาต่อ ทำงานค้าขาย ธุรกิจ,0,0,0
2567-3,86010040,ไม่ศึกษาต่อ ทำงานบริการ,0,0,0
2567-3,86010040,ไม่ศึกษาต่อ ทำงานรับจ้างทั่วไป,0,0,0
2567-3,86010040,ไม่ศึกษาต่อ ทำงานอื่น ๆ,0,0,0
2567-3,86010040,บวชในศาสนา,0,0,0
2567-3,86010040,ไม่ประกอบอาชีพและไม่ศึกษาต่อ,0,0,0
2567-3,86010040,อื่น ๆ,0,0,0
2567-3,86010041,นักเรียนจบทั้งหมด,0,0,0
2567-3,86010041,ศึกษาต่อ ม.4 โรงเรียนเดิม,0,0,0
2567-3,86010041,ศึกษาต่อ ม.4 โรงเรียนอื่น ในจังหวัดเดิม,0,0,0
2567-3,86010041,ศึกษาต่อ ม.4 โรงเรียนอื่น ในต่างจังหวัด,0,0,0
2567-3,86010041,ศึกษาต่อ ม.4 โรงเรียนอื่น ใน กทม.,0,0,0
2567-3,86010041,สถาบันอาชีวศึกษาของรัฐบาล,0,0,0
2567-3,86010041,สถาบันอาชีวศึกษาของเอกชน,0,0,0
2567-3,86010041,ศึกษาต่อสถาบันอื่น ๆ,0,0,0
2567-3,86010041,ไม่ศึกษาต่อ ทำงานภาคอุตสาหกรรม,0,0,0
2567-3,86010041,ไม่ศึกษาต่อ ทำงานภาคการเกษตร,0,0,0
2567-3,86010041,ไม่ศึกษาต่อ ทำงานการประมง,0,0,0
2567-3,86010041,ไม่ศึกษาต่อ ทำงานค้าขาย ธุรกิจ,0,0,0
2567-3,86010041,ไม่ศึกษาต่อ ทำงานบริการ,0,0,0
2567-3,86010041,ไม่ศึกษาต่อ ทำงานรับจ้างทั่วไป,0,0,0
2567-3,86010041,ไม่ศึกษาต่อ ทำงานอื่น ๆ,0,0,0
2567-3,86010041,บวชในศาสนา,0,0,0
2567-3,86010041,ไม่ประกอบอาชีพและไม่ศึกษาต่อ,0,0,0
2567-3,86010041,อื่น ๆ,0,0,0
2567-3,86010042,นักเรียนจบทั้งหมด,9,6,15
2567-3,86010042,ศึกษาต่อ ม.4 โรงเรียนเดิม,0,0,0
2567-3,86010042,ศึกษาต่อ ม.4 โรงเรียนอื่น ในจังหวัดเดิม,1,0,1
2567-3,86010042,ศึกษาต่อ ม.4 โรงเรียนอื่น ในต่างจังหวัด,0,0,0
2567-3,86010042,ศึกษาต่อ ม.4 โรงเรียนอื่น ใน กทม.,0,0,0
2567-3,86010042,สถาบันอาชีวศึกษาของรัฐบาล,0,4,4
2567-3,86010042,สถาบันอาชีวศึกษาของเอกชน,0,0,0
2567-3,86010042,ศึกษาต่อสถาบันอื่น ๆ,6,2,8
2567-3,86010042,ไม่ศึกษาต่อ ทำงานภาคอุตสาหกรรม,0,0,0
2567-3,86010042,ไม่ศึกษาต่อ ทำงานภาคการเกษตร,0,0,0
2567-3,86010042,ไม่ศึกษาต่อ ทำงานการประมง,0,0,0
2567-3,86010042,ไม่ศึกษาต่อ ทำงานค้าขาย ธุรกิจ,0,0,0
2567-3,86010042,ไม่ศึกษาต่อ ทำงานบริการ,0,0,0
2567-3,86010042,ไม่ศึกษาต่อ ทำงานรับจ้างทั่วไป,0,0,0
2567-3,86010042,ไม่ศึกษาต่อ ทำงานอื่น ๆ,1,0,1
2567-3,86010042,บวชในศาสนา,0,0,0
2567-3,86010042,ไม่ประกอบอาชีพและไม่ศึกษาต่อ,0,0,0
2567-3,86010042,อื่น ๆ,1,0,1
2567-3,86010043,นักเรียนจบทั้งหมด,6,1,7
2567-3,86010043,ศึกษาต่อ ม.4 โรงเรียนเดิม,0,0,0
2567-3,86010043,ศึกษาต่อ ม.4 โรงเรียนอื่น ในจังหวัดเดิม,1,0,1
2567-3,86010043,ศึกษาต่อ ม.4 โรงเรียนอื่น ในต่างจังหวัด,0,0,0
2567-3,86010043,ศึกษาต่อ ม.4 โรงเรียนอื่น ใน กทม.,0,0,0
2567-3,86010043,สถาบันอาชีวศึกษาของรัฐบาล,5,1,6
2567-3,86010043,สถาบันอาชีวศึกษาของเอกชน,0,0,0
2567-3,86010043,ศึกษาต่อสถาบันอื่น ๆ,0,0,0
2567-3,86010043,ไม่ศึกษาต่อ ทำงานภาคอุตสาหกรรม,0,0,0
2567-3,86010043,ไม่ศึกษาต่อ ทำงานภาคการเกษตร,0,0,0
2567-3,86010043,ไม่ศึกษาต่อ ทำงานการประมง,0,0,0
2567-3,86010043,ไม่ศึกษาต่อ ทำงานค้าขาย ธุรกิจ,0,0,0
2567-3,86010043,ไม่ศึกษาต่อ ทำงานบริการ,0,0,0
2567-3,86010043,ไม่ศึกษาต่อ ทำงานรับจ้างทั่วไป,0,0,0
2567-3,86010043,ไม่ศึกษาต่อ ทำงานอื่น ๆ,0,0,0
2567-3,86010043,บวชในศาสนา,0,0,0
2567-3,86010043,ไม่ประกอบอาชีพและไม่ศึกษาต่อ,0,0,0
2567-3,86010043,อื่น ๆ,0,0,0
2567-3,86010044,นักเรียนจบทั้งหมด,0,0,0
2567-3,86010044,ศึกษาต่อ ม.4 โรงเรียนเดิม,0,0,0
2567-3,86010044,ศึกษาต่อ ม.4 โรงเรียนอื่น ในจังหวัดเดิม,0,0,0
2567-3,86010044,ศึกษาต่อ ม.4 โรงเรียนอื่น ในต่างจังหวัด,0,0,0
2567-3,86010044,ศึกษาต่อ ม.4 โรงเรียนอื่น ใน กทม.,0,0,0
2567-3,86010044,สถาบันอาชีวศึกษาของรัฐบาล,0,0,0
2567-3,86010044,สถาบันอาชีวศึกษาของเอกชน,0,0,0
2567-3,86010044,ศึกษาต่อสถาบันอื่น ๆ,0,0,0
2567-3,86010044,ไม่ศึกษาต่อ ทำงานภาคอุตสาหกรรม,0,0,0
2567-3,86010044,ไม่ศึกษาต่อ ทำงานภาคการเกษตร,0,0,0
2567-3,86010044,ไม่ศึกษาต่อ ทำงานการประมง,0,0,0
2567-3,86010044,ไม่ศึกษาต่อ ทำงานค้าขาย ธุรกิจ,0,0,0
2567-3,86010044,ไม่ศึกษาต่อ ทำงานบริการ,0,0,0
2567-3,86010044,ไม่ศึกษาต่อ ทำงานรับจ้างทั่วไป,0,0,0
2567-3,86010044,ไม่ศึกษาต่อ ทำงานอื่น ๆ,0,0,0
2567-3,86010044,บวชในศาสนา,0,0,0
2567-3,86010044,ไม่ประกอบอาชีพและไม่ศึกษาต่อ,0,0,0
2567-3,86010044,อื่น ๆ,0,0,0
2567-3,86010045,นักเรียนจบทั้งหมด,5,4,9
2567-3,86010045,ศึกษาต่อ ม.4 โรงเรียนเดิม,0,0,0
2567-3,86010045,ศึกษาต่อ ม.4 โรงเรียนอื่น ในจังหวัดเดิม,5,3,8
2567-3,86010045,ศึกษาต่อ ม.4 โรงเรียนอื่น ในต่างจังหวัด,0,0,0
2567-3,86010045,ศึกษาต่อ ม.4 โรงเรียนอื่น ใน กทม.,0,0,0
2567-3,86010045,สถาบันอาชีวศึกษาของรัฐบาล,0,1,1
2567-3,86010045,สถาบันอาชีวศึกษาของเอกชน,0,0,0
2567-3,86010045,ศึกษาต่อสถาบันอื่น ๆ,0,0,0
2567-3,86010045,ไม่ศึกษาต่อ ทำงานภาคอุตสาหกรรม,0,0,0
2567-3,86010045,ไม่ศึกษาต่อ ทำงานภาคการเกษตร,0,0,0
2567-3,86010045,ไม่ศึกษาต่อ ทำงานการประมง,0,0,0
2567-3,86010045,ไม่ศึกษาต่อ ทำงานค้าขาย ธุรกิจ,0,0,0
2567-3,86010045,ไม่ศึกษาต่อ ทำงานบริการ,0,0,0
2567-3,86010045,ไม่ศึกษาต่อ ทำงานรับจ้างทั่วไป,0,0,0
2567-3,86010045,ไม่ศึกษาต่อ ทำงานอื่น ๆ,0,0,0
2567-3,86010045,บวชในศาสนา,0,0,0
2567-3,86010045,ไม่ประกอบอาชีพและไม่ศึกษาต่อ,0,0,0
2567-3,86010045,อื่น ๆ,0,0,0
2567-3,86010046,นักเรียนจบทั้งหมด,0,0,0
2567-3,86010046,ศึกษาต่อ ม.4 โรงเรียนเดิม,0,0,0
2567-3,86010046,ศึกษาต่อ ม.4 โรงเรียนอื่น ในจังหวัดเดิม,0,0,0
2567-3,86010046,ศึกษาต่อ ม.4 โรงเรียนอื่น ในต่างจังหวัด,0,0,0
2567-3,86010046,ศึกษาต่อ ม.4 โรงเรียนอื่น ใน กทม.,0,0,0
2567-3,86010046,สถาบันอาชีวศึกษาของรัฐบาล,0,0,0
2567-3,86010046,สถาบันอาชีวศึกษาของเอกชน,0,0,0
2567-3,86010046,ศึกษาต่อสถาบันอื่น ๆ,0,0,0
2567-3,86010046,ไม่ศึกษาต่อ ทำงานภาคอุตสาหกรรม,0,0,0
2567-3,86010046,ไม่ศึกษาต่อ ทำงานภาคการเกษตร,0,0,0
2567-3,86010046,ไม่ศึกษาต่อ ทำงานการประมง,0,0,0
2567-3,86010046,ไม่ศึกษาต่อ ทำงานค้าขาย ธุรกิจ,0,0,0
2567-3,86010046,ไม่ศึกษาต่อ ทำงานบริการ,0,0,0
2567-3,86010046,ไม่ศึกษาต่อ ทำงานรับจ้างทั่วไป,0,0,0
2567-3,86010046,ไม่ศึกษาต่อ ทำงานอื่น ๆ,0,0,0
2567-3,86010046,บวชในศาสนา,0,0,0
2567-3,86010046,ไม่ประกอบอาชีพและไม่ศึกษาต่อ,0,0,0
2567-3,86010046,อื่น ๆ,0,0,0
2567-3,86010047,นักเรียนจบทั้งหมด,23,17,40
2567-3,86010047,ศึกษาต่อ ม.4 โรงเรียนเดิม,0,0,0
2567-3,86010047,ศึกษาต่อ ม.4 โรงเรียนอื่น ในจังหวัดเดิม,0,1,1
2567-3,86010047,ศึกษาต่อ ม.4 โรงเรียนอื่น ในต่างจังหวัด,0,0,0
2567-3,86010047,ศึกษาต่อ ม.4 โรงเรียนอื่น ใน กทม.,0,0,0
2567-3,86010047,สถาบันอาชีวศึกษาของรัฐบาล,17,16,33
2567-3,86010047,สถาบันอาชีวศึกษาของเอกชน,0,0,0
2567-3,86010047,ศึกษาต่อสถาบันอื่น ๆ,4,0,4
2567-3,86010047,ไม่ศึกษาต่อ ทำงานภาคอุตสาหกรรม,0,0,0
2567-3,86010047,ไม่ศึกษาต่อ ทำงานภาคการเกษตร,0,0,0
2567-3,86010047,ไม่ศึกษาต่อ ทำงานการประมง,0,0,0
2567-3,86010047,ไม่ศึกษาต่อ ทำงานค้าขาย ธุรกิจ,0,0,0
2567-3,86010047,ไม่ศึกษาต่อ ทำงานบริการ,0,0,0
2567-3,86010047,ไม่ศึกษาต่อ ทำงานรับจ้างทั่วไป,0,0,0
2567-3,86010047,ไม่ศึกษาต่อ ทำงานอื่น ๆ,2,0,2
2567-3,86010047,บวชในศาสนา,0,0,0
2567-3,86010047,ไม่ประกอบอาชีพและไม่ศึกษาต่อ,0,0,0
2567-3,86010047,อื่น ๆ,0,0,0
2567-3,86010048,นักเรียนจบทั้งหมด,7,9,16
2567-3,86010048,ศึกษาต่อ ม.4 โรงเรียนเดิม,0,0,0
2567-3,86010048,ศึกษาต่อ ม.4 โรงเรียนอื่น ในจังหวัดเดิม,1,3,4
2567-3,86010048,ศึกษาต่อ ม.4 โรงเรียนอื่น ในต่างจังหวัด,0,0,0
2567-3,86010048,ศึกษาต่อ ม.4 โรงเรียนอื่น ใน กทม.,0,0,0
2567-3,86010048,สถาบันอาชีวศึกษาของรัฐบาล,3,6,9
2567-3,86010048,สถาบันอาชีวศึกษาของเอกชน,0,0,0
2567-3,86010048,ศึกษาต่อสถาบันอื่น ๆ,0,0,0
2567-3,86010048,ไม่ศึกษาต่อ ทำงานภาคอุตสาหกรรม,0,0,0
2567-3,86010048,ไม่ศึกษาต่อ ทำงานภาคการเกษตร,1,0,1
2567-3,86010048,ไม่ศึกษาต่อ ทำงานการประมง,0,0,0
2567-3,86010048,ไม่ศึกษาต่อ ทำงานค้าขาย ธุรกิจ,1,0,1
2567-3,86010048,ไม่ศึกษาต่อ ทำงานบริการ,0,0,0
2567-3,86010048,ไม่ศึกษาต่อ ทำงานรับจ้างทั่วไป,1,0,1
2567-3,86010048,ไม่ศึกษาต่อ ทำงานอื่น ๆ,0,0,0
2567-3,86010048,บวชในศาสนา,0,0,0
2567-3,86010048,ไม่ประกอบอาชีพและไม่ศึกษาต่อ,0,0,0
2567-3,86010048,อื่น ๆ,0,0,0
2567-3,86010052,นักเรียนจบทั้งหมด,5,7,12
2567-3,86010052,ศึกษาต่อ ม.4 โรงเรียนเดิม,0,0,0
2567-3,86010052,ศึกษาต่อ ม.4 โรงเรียนอื่น ในจังหวัดเดิม,0,3,3
2567-3,86010052,ศึกษาต่อ ม.4 โรงเรียนอื่น ในต่างจังหวัด,0,0,0
2567-3,86010052,ศึกษาต่อ ม.4 โรงเรียนอื่น ใน กทม.,0,0,0
2567-3,86010052,สถาบันอาชีวศึกษาของรัฐบาล,5,4,9
2567-3,86010052,สถาบันอาชีวศึกษาของเอกชน,0,0,0
2567-3,86010052,ศึกษาต่อสถาบันอื่น ๆ,0,0,0
2567-3,86010052,ไม่ศึกษาต่อ ทำงานภาคอุตสาหกรรม,0,0,0
2567-3,86010052,ไม่ศึกษาต่อ ทำงานภาคการเกษตร,0,0,0
2567-3,86010052,ไม่ศึกษาต่อ ทำงานการประมง,0,0,0
2567-3,86010052,ไม่ศึกษาต่อ ทำงานค้าขาย ธุรกิจ,0,0,0
2567-3,86010052,ไม่ศึกษาต่อ ทำงานบริการ,0,0,0
2567-3,86010052,ไม่ศึกษาต่อ ทำงานรับจ้างทั่วไป,0,0,0
2567-3,86010052,ไม่ศึกษาต่อ ทำงานอื่น ๆ,0,0,0
2567-3,86010052,บวชในศาสนา,0,0,0
2567-3,86010052,ไม่ประกอบอาชีพและไม่ศึกษาต่อ,0,0,0
2567-3,86010052,อื่น ๆ,0,0,0
2567-3,86010053,นักเรียนจบทั้งหมด,11,12,23
2567-3,86010053,ศึกษาต่อ ม.4 โรงเรียนเดิม,0,0,0
2567-3,86010053,ศึกษาต่อ ม.4 โรงเรียนอื่น ในจังหวัดเดิม,0,3,3
2567-3,86010053,ศึกษาต่อ ม.4 โรงเรียนอื่น ในต่างจังหวัด,0,0,0
2567-3,86010053,ศึกษาต่อ ม.4 โรงเรียนอื่น ใน กทม.,0,0,0
2567-3,86010053,สถาบันอาชีวศึกษาของรัฐบาล,11,8,19
2567-3,86010053,สถาบันอาชีวศึกษาของเอกชน,0,1,1
2567-3,86010053,ศึกษาต่อสถาบันอื่น ๆ,0,0,0
2567-3,86010053,ไม่ศึกษาต่อ ทำงานภาคอุตสาหกรรม,0,0,0
2567-3,86010053,ไม่ศึกษาต่อ ทำงานภาคการเกษตร,0,0,0
2567-3,86010053,ไม่ศึกษาต่อ ทำงานการประมง,0,0,0
2567-3,86010053,ไม่ศึกษาต่อ ทำงานค้าขาย ธุรกิจ,0,0,0
2567-3,86010053,ไม่ศึกษาต่อ ทำงานบริการ,0,0,0
2567-3,86010053,ไม่ศึกษาต่อ ทำงานรับจ้างทั่วไป,0,0,0
2567-3,86010053,ไม่ศึกษาต่อ ทำงานอื่น ๆ,0,0,0
2567-3,86010053,บวชในศาสนา,0,0,0
2567-3,86010053,ไม่ประกอบอาชีพและไม่ศึกษาต่อ,0,0,0
2567-3,86010053,อื่น ๆ,0,0,0
2567-3,86010055,นักเรียนจบทั้งหมด,6,8,14
2567-3,86010055,ศึกษาต่อ ม.4 โรงเรียนเดิม,0,0,0
2567-3,86010055,ศึกษาต่อ ม.4 โรงเรียนอื่น ในจังหวัดเดิม,6,8,14
2567-3,86010055,ศึกษาต่อ ม.4 โรงเรียนอื่น ในต่างจังหวัด,0,0,0
2567-3,86010055,ศึกษาต่อ ม.4 โรงเรียนอื่น ใน กทม.,0,0,0
2567-3,86010055,สถาบันอาชีวศึกษาของรัฐบาล,0,0,0
2567-3,86010055,สถาบันอาชีวศึกษาของเอกชน,0,0,0
2567-3,86010055,ศึกษาต่อสถาบันอื่น ๆ,0,0,0
2567-3,86010055,ไม่ศึกษาต่อ ทำงานภาคอุตสาหกรรม,0,0,0
2567-3,86010055,ไม่ศึกษาต่อ ทำงานภาคการเกษตร,0,0,0
2567-3,86010055,ไม่ศึกษาต่อ ทำงานการประมง,0,0,0
2567-3,86010055,ไม่ศึกษาต่อ ทำงานค้าขาย ธุรกิจ,0,0,0
2567-3,86010055,ไม่ศึกษาต่อ ทำงานบริการ,0,0,0
2567-3,86010055,ไม่ศึกษาต่อ ทำงานรับจ้างทั่วไป,0,0,0
2567-3,86010055,ไม่ศึกษาต่อ ทำงานอื่น ๆ,0,0,0
2567-3,86010055,บวชในศาสนา,0,0,0
2567-3,86010055,ไม่ประกอบอาชีพและไม่ศึกษาต่อ,0,0,0
2567-3,86010055,อื่น ๆ,0,0,0
2567-3,86010056,นักเรียนจบทั้งหมด,5,13,18
2567-3,86010056,ศึกษาต่อ ม.4 โรงเรียนเดิม,0,0,0
2567-3,86010056,ศึกษาต่อ ม.4 โรงเรียนอื่น ในจังหวัดเดิม,1,2,3
2567-3,86010056,ศึกษาต่อ ม.4 โรงเรียนอื่น ในต่างจังหวัด,0,0,0
2567-3,86010056,ศึกษาต่อ ม.4 โรงเรียนอื่น ใน กทม.,0,0,0
2567-3,86010056,สถาบันอาชีวศึกษาของรัฐบาล,4,11,15
2567-3,86010056,สถาบันอาชีวศึกษาของเอกชน,0,0,0
2567-3,86010056,ศึกษาต่อสถาบันอื่น ๆ,0,0,0
2567-3,86010056,ไม่ศึกษาต่อ ทำงานภาคอุตสาหกรรม,0,0,0
2567-3,86010056,ไม่ศึกษาต่อ ทำงานภาคการเกษตร,0,0,0
2567-3,86010056,ไม่ศึกษาต่อ ทำงานการประมง,0,0,0
2567-3,86010056,ไม่ศึกษาต่อ ทำงานค้าขาย ธุรกิจ,0,0,0
2567-3,86010056,ไม่ศึกษาต่อ ทำงานบริการ,0,0,0
2567-3,86010056,ไม่ศึกษาต่อ ทำงานรับจ้างทั่วไป,0,0,0
2567-3,86010056,ไม่ศึกษาต่อ ทำงานอื่น ๆ,0,0,0
2567-3,86010056,บวชในศาสนา,0,0,0
2567-3,86010056,ไม่ประกอบอาชีพและไม่ศึกษาต่อ,0,0,0
2567-3,86010056,อื่น ๆ,0,0,0
2567-3,86010059,นักเรียนจบทั้งหมด,0,0,0
2567-3,86010059,ศึกษาต่อ ม.4 โรงเรียนเดิม,0,0,0
2567-3,86010059,ศึกษาต่อ ม.4 โรงเรียนอื่น ในจังหวัดเดิม,0,0,0
2567-3,86010059,ศึกษาต่อ ม.4 โรงเรียนอื่น ในต่างจังหวัด,0,0,0
2567-3,86010059,ศึกษาต่อ ม.4 โรงเรียนอื่น ใน กทม.,0,0,0
2567-3,86010059,สถาบันอาชีวศึกษาของรัฐบาล,0,0,0
2567-3,86010059,สถาบันอาชีวศึกษาของเอกชน,0,0,0
2567-3,86010059,ศึกษาต่อสถาบันอื่น ๆ,0,0,0
2567-3,86010059,ไม่ศึกษาต่อ ทำงานภาคอุตสาหกรรม,0,0,0
2567-3,86010059,ไม่ศึกษาต่อ ทำงานภาคการเกษตร,0,0,0
2567-3,86010059,ไม่ศึกษาต่อ ทำงานการประมง,0,0,0
2567-3,86010059,ไม่ศึกษาต่อ ทำงานค้าขาย ธุรกิจ,0,0,0
2567-3,86010059,ไม่ศึกษาต่อ ทำงานบริการ,0,0,0
2567-3,86010059,ไม่ศึกษาต่อ ทำงานรับจ้างทั่วไป,0,0,0
2567-3,86010059,ไม่ศึกษาต่อ ทำงานอื่น ๆ,0,0,0
2567-3,86010059,บวชในศาสนา,0,0,0
2567-3,86010059,ไม่ประกอบอาชีพและไม่ศึกษาต่อ,0,0,0
2567-3,86010059,อื่น ๆ,0,0,0
2567-3,86010060,นักเรียนจบทั้งหมด,5,4,9
2567-3,86010060,ศึกษาต่อ ม.4 โรงเรียนเดิม,0,0,0
2567-3,86010060,ศึกษาต่อ ม.4 โรงเรียนอื่น ในจังหวัดเดิม,0,3,3
2567-3,86010060,ศึกษาต่อ ม.4 โรงเรียนอื่น ในต่างจังหวัด,0,0,0
2567-3,86010060,ศึกษาต่อ ม.4 โรงเรียนอื่น ใน กทม.,0,0,0
2567-3,86010060,สถาบันอาชีวศึกษาของรัฐบาล,5,1,6
2567-3,86010060,สถาบันอาชีวศึกษาของเอกชน,0,0,0
2567-3,86010060,ศึกษาต่อสถาบันอื่น ๆ,0,0,0
2567-3,86010060,ไม่ศึกษาต่อ ทำงานภาคอุตสาหกรรม,0,0,0
2567-3,86010060,ไม่ศึกษาต่อ ทำงานภาคการเกษตร,0,0,0
2567-3,86010060,ไม่ศึกษาต่อ ทำงานการประมง,0,0,0
2567-3,86010060,ไม่ศึกษาต่อ ทำงานค้าขาย ธุรกิจ,0,0,0
2567-3,86010060,ไม่ศึกษาต่อ ทำงานบริการ,0,0,0
2567-3,86010060,ไม่ศึกษาต่อ ทำงานรับจ้างทั่วไป,0,0,0
2567-3,86010060,ไม่ศึกษาต่อ ทำงานอื่น ๆ,0,0,0
2567-3,86010060,บวชในศาสนา,0,0,0
2567-3,86010060,ไม่ประกอบอาชีพและไม่ศึกษาต่อ,0,0,0
2567-3,86010060,อื่น ๆ,0,0,0
2567-3,86010061,นักเรียนจบทั้งหมด,3,8,11
2567-3,86010061,ศึกษาต่อ ม.4 โรงเรียนเดิม,0,0,0
2567-3,86010061,ศึกษาต่อ ม.4 โรงเรียนอื่น ในจังหวัดเดิม,0,2,2
2567-3,86010061,ศึกษาต่อ ม.4 โรงเรียนอื่น ในต่างจังหวัด,0,0,0
2567-3,86010061,ศึกษาต่อ ม.4 โรงเรียนอื่น ใน กทม.,0,0,0
2567-3,86010061,สถาบันอาชีวศึกษาของรัฐบาล,3,6,9
2567-3,86010061,สถาบันอาชีวศึกษาของเอกชน,0,0,0
2567-3,86010061,ศึกษาต่อสถาบันอื่น ๆ,0,0,0
2567-3,86010061,ไม่ศึกษาต่อ ทำงานภาคอุตสาหกรรม,0,0,0
2567-3,86010061,ไม่ศึกษาต่อ ทำงานภาคการเกษตร,0,0,0
2567-3,86010061,ไม่ศึกษาต่อ ทำงานการประมง,0,0,0
2567-3,86010061,ไม่ศึกษาต่อ ทำงานค้าขาย ธุรกิจ,0,0,0
2567-3,86010061,ไม่ศึกษาต่อ ทำงานบริการ,0,0,0
2567-3,86010061,ไม่ศึกษาต่อ ทำงานรับจ้างทั่วไป,0,0,0
2567-3,86010061,ไม่ศึกษาต่อ ทำงานอื่น ๆ,0,0,0
2567-3,86010061,บวชในศาสนา,0,0,0
2567-3,86010061,ไม่ประกอบอาชีพและไม่ศึกษาต่อ,0,0,0
2567-3,86010061,อื่น ๆ,0,0,0
2567-3,86010062,นักเรียนจบทั้งหมด,14,6,20
2567-3,86010062,ศึกษาต่อ ม.4 โรงเรียนเดิม,0,0,0
2567-3,86010062,ศึกษาต่อ ม.4 โรงเรียนอื่น ในจังหวัดเดิม,1,3,4
2567-3,86010062,ศึกษาต่อ ม.4 โรงเรียนอื่น ในต่างจังหวัด,0,0,0
2567-3,86010062,ศึกษาต่อ ม.4 โรงเรียนอื่น ใน กทม.,0,0,0
2567-3,86010062,สถาบันอาชีวศึกษาของรัฐบาล,13,2,15
2567-3,86010062,สถาบันอาชีวศึกษาของเอกชน,0,0,0
2567-3,86010062,ศึกษาต่อสถาบันอื่น ๆ,0,1,1
2567-3,86010062,ไม่ศึกษาต่อ ทำงานภาคอุตสาหกรรม,0,0,0
2567-3,86010062,ไม่ศึกษาต่อ ทำงานภาคการเกษตร,0,0,0
2567-3,86010062,ไม่ศึกษาต่อ ทำงานการประมง,0,0,0
2567-3,86010062,ไม่ศึกษาต่อ ทำงานค้าขาย ธุรกิจ,0,0,0
2567-3,86010062,ไม่ศึกษาต่อ ทำงานบริการ,0,0,0
2567-3,86010062,ไม่ศึกษาต่อ ทำงานรับจ้างทั่วไป,0,0,0
2567-3,86010062,ไม่ศึกษาต่อ ทำงานอื่น ๆ,0,0,0
2567-3,86010062,บวชในศาสนา,0,0,0
2567-3,86010062,ไม่ประกอบอาชีพและไม่ศึกษาต่อ,0,0,0
2567-3,86010062,อื่น ๆ,0,0,0
2567-3,86010063,นักเรียนจบทั้งหมด,0,0,0
2567-3,86010063,ศึกษาต่อ ม.4 โรงเรียนเดิม,0,0,0
2567-3,86010063,ศึกษาต่อ ม.4 โรงเรียนอื่น ในจังหวัดเดิม,0,0,0
2567-3,86010063,ศึกษาต่อ ม.4 โรงเรียนอื่น ในต่างจังหวัด,0,0,0
2567-3,86010063,ศึกษาต่อ ม.4 โรงเรียนอื่น ใน กทม.,0,0,0
2567-3,86010063,สถาบันอาชีวศึกษาของรัฐบาล,0,0,0
2567-3,86010063,สถาบันอาชีวศึกษาของเอกชน,0,0,0
2567-3,86010063,ศึกษาต่อสถาบันอื่น ๆ,0,0,0
2567-3,86010063,ไม่ศึกษาต่อ ทำงานภาคอุตสาหกรรม,0,0,0
2567-3,86010063,ไม่ศึกษาต่อ ทำงานภาคการเกษตร,0,0,0
2567-3,86010063,ไม่ศึกษาต่อ ทำงานการประมง,0,0,0
2567-3,86010063,ไม่ศึกษาต่อ ทำงานค้าขาย ธุรกิจ,0,0,0
2567-3,86010063,ไม่ศึกษาต่อ ทำงานบริการ,0,0,0
2567-3,86010063,ไม่ศึกษาต่อ ทำงานรับจ้างทั่วไป,0,0,0
2567-3,86010063,ไม่ศึกษาต่อ ทำงานอื่น ๆ,0,0,0
2567-3,86010063,บวชในศาสนา,0,0,0
2567-3,86010063,ไม่ประกอบอาชีพและไม่ศึกษาต่อ,0,0,0
2567-3,86010063,อื่น ๆ,0,0,0
2567-3,86010064,นักเรียนจบทั้งหมด,4,2,6
2567-3,86010064,ศึกษาต่อ ม.4 โรงเรียนเดิม,0,0,0
2567-3,86010064,ศึกษาต่อ ม.4 โรงเรียนอื่น ในจังหวัดเดิม,0,0,0
2567-3,86010064,ศึกษาต่อ ม.4 โรงเรียนอื่น ในต่างจังหวัด,0,0,0
2567-3,86010064,ศึกษาต่อ ม.4 โรงเรียนอื่น ใน กทม.,0,0,0
2567-3,86010064,สถาบันอาชีวศึกษาของรัฐบาล,0,0,0
2567-3,86010064,สถาบันอาชีวศึกษาของเอกชน,0,0,0
2567-3,86010064,ศึกษาต่อสถาบันอื่น ๆ,4,2,6
2567-3,86010064,ไม่ศึกษาต่อ ทำงานภาคอุตสาหกรรม,0,0,0
2567-3,86010064,ไม่ศึกษาต่อ ทำงานภาคการเกษตร,0,0,0
2567-3,86010064,ไม่ศึกษาต่อ ทำงานการประมง,0,0,0
2567-3,86010064,ไม่ศึกษาต่อ ทำงานค้าขาย ธุรกิจ,0,0,0
2567-3,86010064,ไม่ศึกษาต่อ ทำงานบริการ,0,0,0
2567-3,86010064,ไม่ศึกษาต่อ ทำงานรับจ้างทั่วไป,0,0,0
2567-3,86010064,ไม่ศึกษาต่อ ทำงานอื่น ๆ,0,0,0
2567-3,86010064,บวชในศาสนา,0,0,0
2567-3,86010064,ไม่ประกอบอาชีพและไม่ศึกษาต่อ,0,0,0
2567-3,86010064,อื่น ๆ,0,0,0
2567-3,86010066,นักเรียนจบทั้งหมด,10,4,14
2567-3,86010066,ศึกษาต่อ ม.4 โรงเรียนเดิม,0,0,0
2567-3,86010066,ศึกษาต่อ ม.4 โรงเรียนอื่น ในจังหวัดเดิม,2,0,2
2567-3,86010066,ศึกษาต่อ ม.4 โรงเรียนอื่น ในต่างจังหวัด,0,0,0
2567-3,86010066,ศึกษาต่อ ม.4 โรงเรียนอื่น ใน กทม.,0,0,0
2567-3,86010066,สถาบันอาชีวศึกษาของรัฐบาล,4,4,8
2567-3,86010066,สถาบันอาชีวศึกษาของเอกชน,0,0,0
2567-3,86010066,ศึกษาต่อสถาบันอื่น ๆ,0,0,0
2567-3,86010066,ไม่ศึกษาต่อ ทำงานภาคอุตสาหกรรม,0,0,0
2567-3,86010066,ไม่ศึกษาต่อ ทำงานภาคการเกษตร,0,0,0
2567-3,86010066,ไม่ศึกษาต่อ ทำงานการประมง,0,0,0
2567-3,86010066,ไม่ศึกษาต่อ ทำงานค้าขาย ธุรกิจ,0,0,0
2567-3,86010066,ไม่ศึกษาต่อ ทำงานบริการ,0,0,0
2567-3,86010066,ไม่ศึกษาต่อ ทำงานรับจ้างทั่วไป,2,0,2
2567-3,86010066,ไม่ศึกษาต่อ ทำงานอื่น ๆ,0,0,0
2567-3,86010066,บวชในศาสนา,0,0,0
2567-3,86010066,ไม่ประกอบอาชีพและไม่ศึกษาต่อ,2,0,2
2567-3,86010066,อื่น ๆ,0,0,0
2567-3,86010068,นักเรียนจบทั้งหมด,0,0,0
2567-3,86010068,ศึกษาต่อ ม.4 โรงเรียนเดิม,0,0,0
2567-3,86010068,ศึกษาต่อ ม.4 โรงเรียนอื่น ในจังหวัดเดิม,0,0,0
2567-3,86010068,ศึกษาต่อ ม.4 โรงเรียนอื่น ในต่างจังหวัด,0,0,0
2567-3,86010068,ศึกษาต่อ ม.4 โรงเรียนอื่น ใน กทม.,0,0,0
2567-3,86010068,สถาบันอาชีวศึกษาของรัฐบาล,0,0,0
2567-3,86010068,สถาบันอาชีวศึกษาของเอกชน,0,0,0
2567-3,86010068,ศึกษาต่อสถาบันอื่น ๆ,0,0,0
2567-3,86010068,ไม่ศึกษาต่อ ทำงานภาคอุตสาหกรรม,0,0,0
2567-3,86010068,ไม่ศึกษาต่อ ทำงานภาคการเกษตร,0,0,0
2567-3,86010068,ไม่ศึกษาต่อ ทำงานการประมง,0,0,0
2567-3,86010068,ไม่ศึกษาต่อ ทำงานค้าขาย ธุรกิจ,0,0,0
2567-3,86010068,ไม่ศึกษาต่อ ทำงานบริการ,0,0,0
2567-3,86010068,ไม่ศึกษาต่อ ทำงานรับจ้างทั่วไป,0,0,0
2567-3,86010068,ไม่ศึกษาต่อ ทำงานอื่น ๆ,0,0,0
2567-3,86010068,บวชในศาสนา,0,0,0
2567-3,86010068,ไม่ประกอบอาชีพและไม่ศึกษาต่อ,0,0,0
2567-3,86010068,อื่น ๆ,0,0,0
2567-3,86010069,นักเรียนจบทั้งหมด,6,8,14
2567-3,86010069,ศึกษาต่อ ม.4 โรงเรียนเดิม,0,0,0
2567-3,86010069,ศึกษาต่อ ม.4 โรงเรียนอื่น ในจังหวัดเดิม,2,5,7
2567-3,86010069,ศึกษาต่อ ม.4 โรงเรียนอื่น ในต่างจังหวัด,0,0,0
2567-3,86010069,ศึกษาต่อ ม.4 โรงเรียนอื่น ใน กทม.,0,0,0
2567-3,86010069,สถาบันอาชีวศึกษาของรัฐบาล,3,2,5
2567-3,86010069,สถาบันอาชีวศึกษาของเอกชน,0,0,0
2567-3,86010069,ศึกษาต่อสถาบันอื่น ๆ,0,1,1
2567-3,86010069,ไม่ศึกษาต่อ ทำงานภาคอุตสาหกรรม,0,0,0
2567-3,86010069,ไม่ศึกษาต่อ ทำงานภาคการเกษตร,0,0,0
2567-3,86010069,ไม่ศึกษาต่อ ทำงานการประมง,0,0,0
2567-3,86010069,ไม่ศึกษาต่อ ทำงานค้าขาย ธุรกิจ,0,0,0
2567-3,86010069,ไม่ศึกษาต่อ ทำงานบริการ,0,0,0
2567-3,86010069,ไม่ศึกษาต่อ ทำงานรับจ้างทั่วไป,0,0,0
2567-3,86010069,ไม่ศึกษาต่อ ทำงานอื่น ๆ,0,0,0
2567-3,86010069,บวชในศาสนา,0,0,0
2567-3,86010069,ไม่ประกอบอาชีพและไม่ศึกษาต่อ,1,0,1
2567-3,86010069,อื่น ๆ,0,0,0
2567-3,86010070,นักเรียนจบทั้งหมด,0,0,0
2567-3,86010070,ศึกษาต่อ ม.4 โรงเรียนเดิม,0,0,0
2567-3,86010070,ศึกษาต่อ ม.4 โรงเรียนอื่น ในจังหวัดเดิม,0,0,0
2567-3,86010070,ศึกษาต่อ ม.4 โรงเรียนอื่น ในต่างจังหวัด,0,0,0
2567-3,86010070,ศึกษาต่อ ม.4 โรงเรียนอื่น ใน กทม.,0,0,0
2567-3,86010070,สถาบันอาชีวศึกษาของรัฐบาล,0,0,0
2567-3,86010070,สถาบันอาชีวศึกษาของเอกชน,0,0,0
2567-3,86010070,ศึกษาต่อสถาบันอื่น ๆ,0,0,0
2567-3,86010070,ไม่ศึกษาต่อ ทำงานภาคอุตสาหกรรม,0,0,0
2567-3,86010070,ไม่ศึกษาต่อ ทำงานภาคการเกษตร,0,0,0
2567-3,86010070,ไม่ศึกษาต่อ ทำงานการประมง,0,0,0
2567-3,86010070,ไม่ศึกษาต่อ ทำงานค้าขาย ธุรกิจ,0,0,0
2567-3,86010070,ไม่ศึกษาต่อ ทำงานบริการ,0,0,0
2567-3,86010070,ไม่ศึกษาต่อ ทำงานรับจ้างทั่วไป,0,0,0
2567-3,86010070,ไม่ศึกษาต่อ ทำงานอื่น ๆ,0,0,0
2567-3,86010070,บวชในศาสนา,0,0,0
2567-3,86010070,ไม่ประกอบอาชีพและไม่ศึกษาต่อ,0,0,0
2567-3,86010070,อื่น ๆ,0,0,0
2567-3,86010071,นักเรียนจบทั้งหมด,9,4,13
2567-3,86010071,ศึกษาต่อ ม.4 โรงเรียนเดิม,0,0,0
2567-3,86010071,ศึกษาต่อ ม.4 โรงเรียนอื่น ในจังหวัดเดิม,0,1,1
2567-3,86010071,ศึกษาต่อ ม.4 โรงเรียนอื่น ในต่างจังหวัด,0,0,0
2567-3,86010071,ศึกษาต่อ ม.4 โรงเรียนอื่น ใน กทม.,0,0,0
2567-3,86010071,สถาบันอาชีวศึกษาของรัฐบาล,8,2,10
2567-3,86010071,สถาบันอาชีวศึกษาของเอกชน,0,1,1
2567-3,86010071,ศึกษาต่อสถาบันอื่น ๆ,1,0,1
2567-3,86010071,ไม่ศึกษาต่อ ทำงานภาคอุตสาหกรรม,0,0,0
2567-3,86010071,ไม่ศึกษาต่อ ทำงานภาคการเกษตร,0,0,0
2567-3,86010071,ไม่ศึกษาต่อ ทำงานการประมง,0,0,0
2567-3,86010071,ไม่ศึกษาต่อ ทำงานค้าขาย ธุรกิจ,0,0,0
2567-3,86010071,ไม่ศึกษาต่อ ทำงานบริการ,0,0,0
2567-3,86010071,ไม่ศึกษาต่อ ทำงานรับจ้างทั่วไป,0,0,0
2567-3,86010071,ไม่ศึกษาต่อ ทำงานอื่น ๆ,0,0,0
2567-3,86010071,บวชในศาสนา,0,0,0
2567-3,86010071,ไม่ประกอบอาชีพและไม่ศึกษาต่อ,0,0,0
2567-3,86010071,อื่น ๆ,0,0,0
2567-3,86010072,นักเรียนจบทั้งหมด,0,0,0
2567-3,86010072,ศึกษาต่อ ม.4 โรงเรียนเดิม,0,0,0
2567-3,86010072,ศึกษาต่อ ม.4 โรงเรียนอื่น ในจังหวัดเดิม,0,0,0
2567-3,86010072,ศึกษาต่อ ม.4 โรงเรียนอื่น ในต่างจังหวัด,0,0,0
2567-3,86010072,ศึกษาต่อ ม.4 โรงเรียนอื่น ใน กทม.,0,0,0
2567-3,86010072,สถาบันอาชีวศึกษาของรัฐบาล,0,0,0
2567-3,86010072,สถาบันอาชีวศึกษาของเอกชน,0,0,0
2567-3,86010072,ศึกษาต่อสถาบันอื่น ๆ,0,0,0
2567-3,86010072,ไม่ศึกษาต่อ ทำงานภาคอุตสาหกรรม,0,0,0
2567-3,86010072,ไม่ศึกษาต่อ ทำงานภาคการเกษตร,0,0,0
2567-3,86010072,ไม่ศึกษาต่อ ทำงานการประมง,0,0,0
2567-3,86010072,ไม่ศึกษาต่อ ทำงานค้าขาย ธุรกิจ,0,0,0
2567-3,86010072,ไม่ศึกษาต่อ ทำงานบริการ,0,0,0
2567-3,86010072,ไม่ศึกษาต่อ ทำงานรับจ้างทั่วไป,0,0,0
2567-3,86010072,ไม่ศึกษาต่อ ทำงานอื่น ๆ,0,0,0
2567-3,86010072,บวชในศาสนา,0,0,0
2567-3,86010072,ไม่ประกอบอาชีพและไม่ศึกษาต่อ,0,0,0
2567-3,86010072,อื่น ๆ,0,0,0
2567-3,86010073,นักเรียนจบทั้งหมด,0,0,0
2567-3,86010073,ศึกษาต่อ ม.4 โรงเรียนเดิม,0,0,0
2567-3,86010073,ศึกษาต่อ ม.4 โรงเรียนอื่น ในจังหวัดเดิม,0,0,0
2567-3,86010073,ศึกษาต่อ ม.4 โรงเรียนอื่น ในต่างจังหวัด,0,0,0
2567-3,86010073,ศึกษาต่อ ม.4 โรงเรียนอื่น ใน กทม.,0,0,0
2567-3,86010073,สถาบันอาชีวศึกษาของรัฐบาล,0,0,0
2567-3,86010073,สถาบันอาชีวศึกษาของเอกชน,0,0,0
2567-3,86010073,ศึกษาต่อสถาบันอื่น ๆ,0,0,0
2567-3,86010073,ไม่ศึกษาต่อ ทำงานภาคอุตสาหกรรม,0,0,0
2567-3,86010073,ไม่ศึกษาต่อ ทำงานภาคการเกษตร,0,0,0
2567-3,86010073,ไม่ศึกษาต่อ ทำงานการประมง,0,0,0
2567-3,86010073,ไม่ศึกษาต่อ ทำงานค้าขาย ธุรกิจ,0,0,0
2567-3,86010073,ไม่ศึกษาต่อ ทำงานบริการ,0,0,0
2567-3,86010073,ไม่ศึกษาต่อ ทำงานรับจ้างทั่วไป,0,0,0
2567-3,86010073,ไม่ศึกษาต่อ ทำงานอื่น ๆ,0,0,0
2567-3,86010073,บวชในศาสนา,0,0,0
2567-3,86010073,ไม่ประกอบอาชีพและไม่ศึกษาต่อ,0,0,0
2567-3,86010073,อื่น ๆ,0,0,0
2567-3,86010075,นักเรียนจบทั้งหมด,0,0,0
2567-3,86010075,ศึกษาต่อ ม.4 โรงเรียนเดิม,0,0,0
2567-3,86010075,ศึกษาต่อ ม.4 โรงเรียนอื่น ในจังหวัดเดิม,0,0,0
2567-3,86010075,ศึกษาต่อ ม.4 โรงเรียนอื่น ในต่างจังหวัด,0,0,0
2567-3,86010075,ศึกษาต่อ ม.4 โรงเรียนอื่น ใน กทม.,0,0,0
2567-3,86010075,สถาบันอาชีวศึกษาของรัฐบาล,0,0,0
2567-3,86010075,สถาบันอาชีวศึกษาของเอกชน,0,0,0
2567-3,86010075,ศึกษาต่อสถาบันอื่น ๆ,0,0,0
2567-3,86010075,ไม่ศึกษาต่อ ทำงานภาคอุตสาหกรรม,0,0,0
2567-3,86010075,ไม่ศึกษาต่อ ทำงานภาคการเกษตร,0,0,0
2567-3,86010075,ไม่ศึกษาต่อ ทำงานการประมง,0,0,0
2567-3,86010075,ไม่ศึกษาต่อ ทำงานค้าขาย ธุรกิจ,0,0,0
2567-3,86010075,ไม่ศึกษาต่อ ทำงานบริการ,0,0,0
2567-3,86010075,ไม่ศึกษาต่อ ทำงานรับจ้างทั่วไป,0,0,0
2567-3,86010075,ไม่ศึกษาต่อ ทำงานอื่น ๆ,0,0,0
2567-3,86010075,บวชในศาสนา,0,0,0
2567-3,86010075,ไม่ประกอบอาชีพและไม่ศึกษาต่อ,0,0,0
2567-3,86010075,อื่น ๆ,0,0,0
2567-3,86010076,นักเรียนจบทั้งหมด,0,0,0
2567-3,86010076,ศึกษาต่อ ม.4 โรงเรียนเดิม,0,0,0
2567-3,86010076,ศึกษาต่อ ม.4 โรงเรียนอื่น ในจังหวัดเดิม,0,0,0
2567-3,86010076,ศึกษาต่อ ม.4 โรงเรียนอื่น ในต่างจังหวัด,0,0,0
2567-3,86010076,ศึกษาต่อ ม.4 โรงเรียนอื่น ใน กทม.,0,0,0
2567-3,86010076,สถาบันอาชีวศึกษาของรัฐบาล,0,0,0
2567-3,86010076,สถาบันอาชีวศึกษาของเอกชน,0,0,0
2567-3,86010076,ศึกษาต่อสถาบันอื่น ๆ,0,0,0
2567-3,86010076,ไม่ศึกษาต่อ ทำงานภาคอุตสาหกรรม,0,0,0
2567-3,86010076,ไม่ศึกษาต่อ ทำงานภาคการเกษตร,0,0,0
2567-3,86010076,ไม่ศึกษาต่อ ทำงานการประมง,0,0,0
2567-3,86010076,ไม่ศึกษาต่อ ทำงานค้าขาย ธุรกิจ,0,0,0
2567-3,86010076,ไม่ศึกษาต่อ ทำงานบริการ,0,0,0
2567-3,86010076,ไม่ศึกษาต่อ ทำงานรับจ้างทั่วไป,0,0,0
2567-3,86010076,ไม่ศึกษาต่อ ทำงานอื่น ๆ,0,0,0
2567-3,86010076,บวชในศาสนา,0,0,0
2567-3,86010076,ไม่ประกอบอาชีพและไม่ศึกษาต่อ,0,0,0
2567-3,86010076,อื่น ๆ,0,0,0
2567-3,86010077,นักเรียนจบทั้งหมด,0,0,0
2567-3,86010077,ศึกษาต่อ ม.4 โรงเรียนเดิม,0,0,0
2567-3,86010077,ศึกษาต่อ ม.4 โรงเรียนอื่น ในจังหวัดเดิม,0,0,0
2567-3,86010077,ศึกษาต่อ ม.4 โรงเรียนอื่น ในต่างจังหวัด,0,0,0
2567-3,86010077,ศึกษาต่อ ม.4 โรงเรียนอื่น ใน กทม.,0,0,0
2567-3,86010077,สถาบันอาชีวศึกษาของรัฐบาล,0,0,0
2567-3,86010077,สถาบันอาชีวศึกษาของเอกชน,0,0,0
2567-3,86010077,ศึกษาต่อสถาบันอื่น ๆ,0,0,0
2567-3,86010077,ไม่ศึกษาต่อ ทำงานภาคอุตสาหกรรม,0,0,0
2567-3,86010077,ไม่ศึกษาต่อ ทำงานภาคการเกษตร,0,0,0
2567-3,86010077,ไม่ศึกษาต่อ ทำงานการประมง,0,0,0
2567-3,86010077,ไม่ศึกษาต่อ ทำงานค้าขาย ธุรกิจ,0,0,0
2567-3,86010077,ไม่ศึกษาต่อ ทำงานบริการ,0,0,0
2567-3,86010077,ไม่ศึกษาต่อ ทำงานรับจ้างทั่วไป,0,0,0
2567-3,86010077,ไม่ศึกษาต่อ ทำงานอื่น ๆ,0,0,0
2567-3,86010077,บวชในศาสนา,0,0,0
2567-3,86010077,ไม่ประกอบอาชีพและไม่ศึกษาต่อ,0,0,0
2567-3,86010077,อื่น ๆ,0,0,0
2567-3,86010078,นักเรียนจบทั้งหมด,0,0,0
2567-3,86010078,ศึกษาต่อ ม.4 โรงเรียนเดิม,0,0,0
2567-3,86010078,ศึกษาต่อ ม.4 โรงเรียนอื่น ในจังหวัดเดิม,0,0,0
2567-3,86010078,ศึกษาต่อ ม.4 โรงเรียนอื่น ในต่างจังหวัด,0,0,0
2567-3,86010078,ศึกษาต่อ ม.4 โรงเรียนอื่น ใน กทม.,0,0,0
2567-3,86010078,สถาบันอาชีวศึกษาของรัฐบาล,0,0,0
2567-3,86010078,สถาบันอาชีวศึกษาของเอกชน,0,0,0
2567-3,86010078,ศึกษาต่อสถาบันอื่น ๆ,0,0,0
2567-3,86010078,ไม่ศึกษาต่อ ทำงานภาคอุตสาหกรรม,0,0,0
2567-3,86010078,ไม่ศึกษาต่อ ทำงานภาคการเกษตร,0,0,0
2567-3,86010078,ไม่ศึกษาต่อ ทำงานการประมง,0,0,0
2567-3,86010078,ไม่ศึกษาต่อ ทำงานค้าขาย ธุรกิจ,0,0,0
2567-3,86010078,ไม่ศึกษาต่อ ทำงานบริการ,0,0,0
2567-3,86010078,ไม่ศึกษาต่อ ทำงานรับจ้างทั่วไป,0,0,0
2567-3,86010078,ไม่ศึกษาต่อ ทำงานอื่น ๆ,0,0,0
2567-3,86010078,บวชในศาสนา,0,0,0
2567-3,86010078,ไม่ประกอบอาชีพและไม่ศึกษาต่อ,0,0,0
2567-3,86010078,อื่น ๆ,0,0,0
2567-3,86010079,นักเรียนจบทั้งหมด,0,0,0
2567-3,86010079,ศึกษาต่อ ม.4 โรงเรียนเดิม,0,0,0
2567-3,86010079,ศึกษาต่อ ม.4 โรงเรียนอื่น ในจังหวัดเดิม,0,0,0
2567-3,86010079,ศึกษาต่อ ม.4 โรงเรียนอื่น ในต่างจังหวัด,0,0,0
2567-3,86010079,ศึกษาต่อ ม.4 โรงเรียนอื่น ใน กทม.,0,0,0
2567-3,86010079,สถาบันอาชีวศึกษาของรัฐบาล,0,0,0
2567-3,86010079,สถาบันอาชีวศึกษาของเอกชน,0,0,0
2567-3,86010079,ศึกษาต่อสถาบันอื่น ๆ,0,0,0
2567-3,86010079,ไม่ศึกษาต่อ ทำงานภาคอุตสาหกรรม,0,0,0
2567-3,86010079,ไม่ศึกษาต่อ ทำงานภาคการเกษตร,0,0,0
2567-3,86010079,ไม่ศึกษาต่อ ทำงานการประมง,0,0,0
2567-3,86010079,ไม่ศึกษาต่อ ทำงานค้าขาย ธุรกิจ,0,0,0
2567-3,86010079,ไม่ศึกษาต่อ ทำงานบริการ,0,0,0
2567-3,86010079,ไม่ศึกษาต่อ ทำงานรับจ้างทั่วไป,0,0,0
2567-3,86010079,ไม่ศึกษาต่อ ทำงานอื่น ๆ,0,0,0
2567-3,86010079,บวชในศาสนา,0,0,0
2567-3,86010079,ไม่ประกอบอาชีพและไม่ศึกษาต่อ,0,0,0
2567-3,86010079,อื่น ๆ,0,0,0
2567-3,86010080,นักเรียนจบทั้งหมด,14,16,30
2567-3,86010080,ศึกษาต่อ ม.4 โรงเรียนเดิม,0,0,0
2567-3,86010080,ศึกษาต่อ ม.4 โรงเรียนอื่น ในจังหวัดเดิม,1,13,14
2567-3,86010080,ศึกษาต่อ ม.4 โรงเรียนอื่น ในต่างจังหวัด,0,0,0
2567-3,86010080,ศึกษาต่อ ม.4 โรงเรียนอื่น ใน กทม.,0,0,0
2567-3,86010080,สถาบันอาชีวศึกษาของรัฐบาล,13,2,15
2567-3,86010080,สถาบันอาชีวศึกษาของเอกชน,0,1,1
2567-3,86010080,ศึกษาต่อสถาบันอื่น ๆ,0,0,0
2567-3,86010080,ไม่ศึกษาต่อ ทำงานภาคอุตสาหกรรม,0,0,0
2567-3,86010080,ไม่ศึกษาต่อ ทำงานภาคการเกษตร,0,0,0
2567-3,86010080,ไม่ศึกษาต่อ ทำงานการประมง,0,0,0
2567-3,86010080,ไม่ศึกษาต่อ ทำงานค้าขาย ธุรกิจ,0,0,0
2567-3,86010080,ไม่ศึกษาต่อ ทำงานบริการ,0,0,0
2567-3,86010080,ไม่ศึกษาต่อ ทำงานรับจ้างทั่วไป,0,0,0
2567-3,86010080,ไม่ศึกษาต่อ ทำงานอื่น ๆ,0,0,0
2567-3,86010080,บวชในศาสนา,0,0,0
2567-3,86010080,ไม่ประกอบอาชีพและไม่ศึกษาต่อ,0,0,0
2567-3,86010080,อื่น ๆ,0,0,0
2567-3,86010083,นักเรียนจบทั้งหมด,33,34,67
2567-3,86010083,ศึกษาต่อ ม.4 โรงเรียนเดิม,0,0,0
2567-3,86010083,ศึกษาต่อ ม.4 โรงเรียนอื่น ในจังหวัดเดิม,12,19,31
2567-3,86010083,ศึกษาต่อ ม.4 โรงเรียนอื่น ในต่างจังหวัด,0,0,0
2567-3,86010083,ศึกษาต่อ ม.4 โรงเรียนอื่น ใน กทม.,0,0,0
2567-3,86010083,สถาบันอาชีวศึกษาของรัฐบาล,20,15,35
2567-3,86010083,สถาบันอาชีวศึกษาของเอกชน,0,0,0
2567-3,86010083,ศึกษาต่อสถาบันอื่น ๆ,0,0,0
2567-3,86010083,ไม่ศึกษาต่อ ทำงานภาคอุตสาหกรรม,0,0,0
2567-3,86010083,ไม่ศึกษาต่อ ทำงานภาคการเกษตร,0,0,0
2567-3,86010083,ไม่ศึกษาต่อ ทำงานการประมง,0,0,0
2567-3,86010083,ไม่ศึกษาต่อ ทำงานค้าขาย ธุรกิจ,0,0,0
2567-3,86010083,ไม่ศึกษาต่อ ทำงานบริการ,0,0,0
2567-3,86010083,ไม่ศึกษาต่อ ทำงานรับจ้างทั่วไป,0,0,0
2567-3,86010083,ไม่ศึกษาต่อ ทำงานอื่น ๆ,1,0,1
2567-3,86010083,บวชในศาสนา,0,0,0
2567-3,86010083,ไม่ประกอบอาชีพและไม่ศึกษาต่อ,0,0,0
2567-3,86010083,อื่น ๆ,0,0,0
2567-3,86010089,นักเรียนจบทั้งหมด,0,0,0
2567-3,86010089,ศึกษาต่อ ม.4 โรงเรียนเดิม,0,0,0
2567-3,86010089,ศึกษาต่อ ม.4 โรงเรียนอื่น ในจังหวัดเดิม,0,0,0
2567-3,86010089,ศึกษาต่อ ม.4 โรงเรียนอื่น ในต่างจังหวัด,0,0,0
2567-3,86010089,ศึกษาต่อ ม.4 โรงเรียนอื่น ใน กทม.,0,0,0
2567-3,86010089,สถาบันอาชีวศึกษาของรัฐบาล,0,0,0
2567-3,86010089,สถาบันอาชีวศึกษาของเอกชน,0,0,0
2567-3,86010089,ศึกษาต่อสถาบันอื่น ๆ,0,0,0
2567-3,86010089,ไม่ศึกษาต่อ ทำงานภาคอุตสาหกรรม,0,0,0
2567-3,86010089,ไม่ศึกษาต่อ ทำงานภาคการเกษตร,0,0,0
2567-3,86010089,ไม่ศึกษาต่อ ทำงานการประมง,0,0,0
2567-3,86010089,ไม่ศึกษาต่อ ทำงานค้าขาย ธุรกิจ,0,0,0
2567-3,86010089,ไม่ศึกษาต่อ ทำงานบริการ,0,0,0
2567-3,86010089,ไม่ศึกษาต่อ ทำงานรับจ้างทั่วไป,0,0,0
2567-3,86010089,ไม่ศึกษาต่อ ทำงานอื่น ๆ,0,0,0
2567-3,86010089,บวชในศาสนา,0,0,0
2567-3,86010089,ไม่ประกอบอาชีพและไม่ศึกษาต่อ,0,0,0
2567-3,86010089,อื่น ๆ,0,0,0
2567-3,86010090,นักเรียนจบทั้งหมด,0,0,0
2567-3,86010090,ศึกษาต่อ ม.4 โรงเรียนเดิม,0,0,0
2567-3,86010090,ศึกษาต่อ ม.4 โรงเรียนอื่น ในจังหวัดเดิม,0,0,0
2567-3,86010090,ศึกษาต่อ ม.4 โรงเรียนอื่น ในต่างจังหวัด,0,0,0
2567-3,86010090,ศึกษาต่อ ม.4 โรงเรียนอื่น ใน กทม.,0,0,0
2567-3,86010090,สถาบันอาชีวศึกษาของรัฐบาล,0,0,0
2567-3,86010090,สถาบันอาชีวศึกษาของเอกชน,0,0,0
2567-3,86010090,ศึกษาต่อสถาบันอื่น ๆ,0,0,0
2567-3,86010090,ไม่ศึกษาต่อ ทำงานภาคอุตสาหกรรม,0,0,0
2567-3,86010090,ไม่ศึกษาต่อ ทำงานภาคการเกษตร,0,0,0
2567-3,86010090,ไม่ศึกษาต่อ ทำงานการประมง,0,0,0
2567-3,86010090,ไม่ศึกษาต่อ ทำงานค้าขาย ธุรกิจ,0,0,0
2567-3,86010090,ไม่ศึกษาต่อ ทำงานบริการ,0,0,0
2567-3,86010090,ไม่ศึกษาต่อ ทำงานรับจ้างทั่วไป,0,0,0
2567-3,86010090,ไม่ศึกษาต่อ ทำงานอื่น ๆ,0,0,0
2567-3,86010090,บวชในศาสนา,0,0,0
2567-3,86010090,ไม่ประกอบอาชีพและไม่ศึกษาต่อ,0,0,0
2567-3,86010090,อื่น ๆ,0,0,0
2567-3,86010091,นักเรียนจบทั้งหมด,0,0,0
2567-3,86010091,ศึกษาต่อ ม.4 โรงเรียนเดิม,0,0,0
2567-3,86010091,ศึกษาต่อ ม.4 โรงเรียนอื่น ในจังหวัดเดิม,0,0,0
2567-3,86010091,ศึกษาต่อ ม.4 โรงเรียนอื่น ในต่างจังหวัด,0,0,0
2567-3,86010091,ศึกษาต่อ ม.4 โรงเรียนอื่น ใน กทม.,0,0,0
2567-3,86010091,สถาบันอาชีวศึกษาของรัฐบาล,0,0,0
2567-3,86010091,สถาบันอาชีวศึกษาของเอกชน,0,0,0
2567-3,86010091,ศึกษาต่อสถาบันอื่น ๆ,0,0,0
2567-3,86010091,ไม่ศึกษาต่อ ทำงานภาคอุตสาหกรรม,0,0,0
2567-3,86010091,ไม่ศึกษาต่อ ทำงานภาคการเกษตร,0,0,0
2567-3,86010091,ไม่ศึกษาต่อ ทำงานการประมง,0,0,0
2567-3,86010091,ไม่ศึกษาต่อ ทำงานค้าขาย ธุรกิจ,0,0,0
2567-3,86010091,ไม่ศึกษาต่อ ทำงานบริการ,0,0,0
2567-3,86010091,ไม่ศึกษาต่อ ทำงานรับจ้างทั่วไป,0,0,0
2567-3,86010091,ไม่ศึกษาต่อ ทำงานอื่น ๆ,0,0,0
2567-3,86010091,บวชในศาสนา,0,0,0
2567-3,86010091,ไม่ประกอบอาชีพและไม่ศึกษาต่อ,0,0,0
2567-3,86010091,อื่น ๆ,0,0,0
2567-3,86010092,นักเรียนจบทั้งหมด,7,11,18
2567-3,86010092,ศึกษาต่อ ม.4 โรงเรียนเดิม,0,0,0
2567-3,86010092,ศึกษาต่อ ม.4 โรงเรียนอื่น ในจังหวัดเดิม,0,9,9
2567-3,86010092,ศึกษาต่อ ม.4 โรงเรียนอื่น ในต่างจังหวัด,0,1,1
2567-3,86010092,ศึกษาต่อ ม.4 โรงเรียนอื่น ใน กทม.,0,0,0
2567-3,86010092,สถาบันอาชีวศึกษาของรัฐบาล,7,1,8
2567-3,86010092,สถาบันอาชีวศึกษาของเอกชน,0,0,0
2567-3,86010092,ศึกษาต่อสถาบันอื่น ๆ,0,0,0
2567-3,86010092,ไม่ศึกษาต่อ ทำงานภาคอุตสาหกรรม,0,0,0
2567-3,86010092,ไม่ศึกษาต่อ ทำงานภาคการเกษตร,0,0,0
2567-3,86010092,ไม่ศึกษาต่อ ทำงานการประมง,0,0,0
2567-3,86010092,ไม่ศึกษาต่อ ทำงานค้าขาย ธุรกิจ,0,0,0
2567-3,86010092,ไม่ศึกษาต่อ ทำงานบริการ,0,0,0
2567-3,86010092,ไม่ศึกษาต่อ ทำงานรับจ้างทั่วไป,0,0,0
2567-3,86010092,ไม่ศึกษาต่อ ทำงานอื่น ๆ,0,0,0
2567-3,86010092,บวชในศาสนา,0,0,0
2567-3,86010092,ไม่ประกอบอาชีพและไม่ศึกษาต่อ,0,0,0
2567-3,86010092,อื่น ๆ,0,0,0
2567-3,86010093,นักเรียนจบทั้งหมด,46,37,83
2567-3,86010093,ศึกษาต่อ ม.4 โรงเรียนเดิม,0,0,0
2567-3,86010093,ศึกษาต่อ ม.4 โรงเรียนอื่น ในจังหวัดเดิม,44,36,80
2567-3,86010093,ศึกษาต่อ ม.4 โรงเรียนอื่น ในต่างจังหวัด,0,0,0
2567-3,86010093,ศึกษาต่อ ม.4 โรงเรียนอื่น ใน กทม.,0,0,0
2567-3,86010093,สถาบันอาชีวศึกษาของรัฐบาล,2,1,3
2567-3,86010093,สถาบันอาชีวศึกษาของเอกชน,0,0,0
2567-3,86010093,ศึกษาต่อสถาบันอื่น ๆ,0,0,0
2567-3,86010093,ไม่ศึกษาต่อ ทำงานภาคอุตสาหกรรม,0,0,0
2567-3,86010093,ไม่ศึกษาต่อ ทำงานภาคการเกษตร,0,0,0
2567-3,86010093,ไม่ศึกษาต่อ ทำงานการประมง,0,0,0
2567-3,86010093,ไม่ศึกษาต่อ ทำงานค้าขาย ธุรกิจ,0,0,0
2567-3,86010093,ไม่ศึกษาต่อ ทำงานบริการ,0,0,0
2567-3,86010093,ไม่ศึกษาต่อ ทำงานรับจ้างทั่วไป,0,0,0
2567-3,86010093,ไม่ศึกษาต่อ ทำงานอื่น ๆ,0,0,0
2567-3,86010093,บวชในศาสนา,0,0,0
2567-3,86010093,ไม่ประกอบอาชีพและไม่ศึกษาต่อ,0,0,0
2567-3,86010093,อื่น ๆ,0,0,0
2567-3,86010094,นักเรียนจบทั้งหมด,0,0,0
2567-3,86010094,ศึกษาต่อ ม.4 โรงเรียนเดิม,0,0,0
2567-3,86010094,ศึกษาต่อ ม.4 โรงเรียนอื่น ในจังหวัดเดิม,0,0,0
2567-3,86010094,ศึกษาต่อ ม.4 โรงเรียนอื่น ในต่างจังหวัด,0,0,0
2567-3,86010094,ศึกษาต่อ ม.4 โรงเรียนอื่น ใน กทม.,0,0,0
2567-3,86010094,สถาบันอาชีวศึกษาของรัฐบาล,0,0,0
2567-3,86010094,สถาบันอาชีวศึกษาของเอกชน,0,0,0
2567-3,86010094,ศึกษาต่อสถาบันอื่น ๆ,0,0,0
2567-3,86010094,ไม่ศึกษาต่อ ทำงานภาคอุตสาหกรรม,0,0,0
2567-3,86010094,ไม่ศึกษาต่อ ทำงานภาคการเกษตร,0,0,0
2567-3,86010094,ไม่ศึกษาต่อ ทำงานการประมง,0,0,0
2567-3,86010094,ไม่ศึกษาต่อ ทำงานค้าขาย ธุรกิจ,0,0,0
2567-3,86010094,ไม่ศึกษาต่อ ทำงานบริการ,0,0,0
2567-3,86010094,ไม่ศึกษาต่อ ทำงานรับจ้างทั่วไป,0,0,0
2567-3,86010094,ไม่ศึกษาต่อ ทำงานอื่น ๆ,0,0,0
2567-3,86010094,บวชในศาสนา,0,0,0
2567-3,86010094,ไม่ประกอบอาชีพและไม่ศึกษาต่อ,0,0,0
2567-3,86010094,อื่น ๆ,0,0,0
2567-3,86010095,นักเรียนจบทั้งหมด,12,15,27
2567-3,86010095,ศึกษาต่อ ม.4 โรงเรียนเดิม,0,0,0
2567-3,86010095,ศึกษาต่อ ม.4 โรงเรียนอื่น ในจังหวัดเดิม,5,9,14
2567-3,86010095,ศึกษาต่อ ม.4 โรงเรียนอื่น ในต่างจังหวัด,0,0,0
2567-3,86010095,ศึกษาต่อ ม.4 โรงเรียนอื่น ใน กทม.,0,0,0
2567-3,86010095,สถาบันอาชีวศึกษาของรัฐบาล,7,6,13
2567-3,86010095,สถาบันอาชีวศึกษาของเอกชน,0,0,0
2567-3,86010095,ศึกษาต่อสถาบันอื่น ๆ,0,0,0
2567-3,86010095,ไม่ศึกษาต่อ ทำงานภาคอุตสาหกรรม,0,0,0
2567-3,86010095,ไม่ศึกษาต่อ ทำงานภาคการเกษตร,0,0,0
2567-3,86010095,ไม่ศึกษาต่อ ทำงานการประมง,0,0,0
2567-3,86010095,ไม่ศึกษาต่อ ทำงานค้าขาย ธุรกิจ,0,0,0
2567-3,86010095,ไม่ศึกษาต่อ ทำงานบริการ,0,0,0
2567-3,86010095,ไม่ศึกษาต่อ ทำงานรับจ้างทั่วไป,0,0,0
2567-3,86010095,ไม่ศึกษาต่อ ทำงานอื่น ๆ,0,0,0
2567-3,86010095,บวชในศาสนา,0,0,0
2567-3,86010095,ไม่ประกอบอาชีพและไม่ศึกษาต่อ,0,0,0
2567-3,86010095,อื่น ๆ,0,0,0
2567-3,86010096,นักเรียนจบทั้งหมด,13,6,19
2567-3,86010096,ศึกษาต่อ ม.4 โรงเรียนเดิม,0,0,0
2567-3,86010096,ศึกษาต่อ ม.4 โรงเรียนอื่น ในจังหวัดเดิม,0,0,0
2567-3,86010096,ศึกษาต่อ ม.4 โรงเรียนอื่น ในต่างจังหวัด,4,2,6
2567-3,86010096,ศึกษาต่อ ม.4 โรงเรียนอื่น ใน กทม.,0,0,0
2567-3,86010096,สถาบันอาชีวศึกษาของรัฐบาล,9,3,12
2567-3,86010096,สถาบันอาชีวศึกษาของเอกชน,0,0,0
2567-3,86010096,ศึกษาต่อสถาบันอื่น ๆ,0,1,1
2567-3,86010096,ไม่ศึกษาต่อ ทำงานภาคอุตสาหกรรม,0,0,0
2567-3,86010096,ไม่ศึกษาต่อ ทำงานภาคการเกษตร,0,0,0
2567-3,86010096,ไม่ศึกษาต่อ ทำงานการประมง,0,0,0
2567-3,86010096,ไม่ศึกษาต่อ ทำงานค้าขาย ธุรกิจ,0,0,0
2567-3,86010096,ไม่ศึกษาต่อ ทำงานบริการ,0,0,0
2567-3,86010096,ไม่ศึกษาต่อ ทำงานรับจ้างทั่วไป,0,0,0
2567-3,86010096,ไม่ศึกษาต่อ ทำงานอื่น ๆ,0,0,0
2567-3,86010096,บวชในศาสนา,0,0,0
2567-3,86010096,ไม่ประกอบอาชีพและไม่ศึกษาต่อ,0,0,0
2567-3,86010096,อื่น ๆ,0,0,0
2567-3,86010097,นักเรียนจบทั้งหมด,0,0,0
2567-3,86010097,ศึกษาต่อ ม.4 โรงเรียนเดิม,0,0,0
2567-3,86010097,ศึกษาต่อ ม.4 โรงเรียนอื่น ในจังหวัดเดิม,0,0,0
2567-3,86010097,ศึกษาต่อ ม.4 โรงเรียนอื่น ในต่างจังหวัด,0,0,0
2567-3,86010097,ศึกษาต่อ ม.4 โรงเรียนอื่น ใน กทม.,0,0,0
2567-3,86010097,สถาบันอาชีวศึกษาของรัฐบาล,0,0,0
2567-3,86010097,สถาบันอาชีวศึกษาของเอกชน,0,0,0
2567-3,86010097,ศึกษาต่อสถาบันอื่น ๆ,0,0,0
2567-3,86010097,ไม่ศึกษาต่อ ทำงานภาคอุตสาหกรรม,0,0,0
2567-3,86010097,ไม่ศึกษาต่อ ทำงานภาคการเกษตร,0,0,0
2567-3,86010097,ไม่ศึกษาต่อ ทำงานการประมง,0,0,0
2567-3,86010097,ไม่ศึกษาต่อ ทำงานค้าขาย ธุรกิจ,0,0,0
2567-3,86010097,ไม่ศึกษาต่อ ทำงานบริการ,0,0,0
2567-3,86010097,ไม่ศึกษาต่อ ทำงานรับจ้างทั่วไป,0,0,0
2567-3,86010097,ไม่ศึกษาต่อ ทำงานอื่น ๆ,0,0,0
2567-3,86010097,บวชในศาสนา,0,0,0
2567-3,86010097,ไม่ประกอบอาชีพและไม่ศึกษาต่อ,0,0,0
2567-3,86010097,อื่น ๆ,0,0,0
2567-3,86010098,นักเรียนจบทั้งหมด,0,0,0
2567-3,86010098,ศึกษาต่อ ม.4 โรงเรียนเดิม,0,0,0
2567-3,86010098,ศึกษาต่อ ม.4 โรงเรียนอื่น ในจังหวัดเดิม,0,0,0
2567-3,86010098,ศึกษาต่อ ม.4 โรงเรียนอื่น ในต่างจังหวัด,0,0,0
2567-3,86010098,ศึกษาต่อ ม.4 โรงเรียนอื่น ใน กทม.,0,0,0
2567-3,86010098,สถาบันอาชีวศึกษาของรัฐบาล,0,0,0
2567-3,86010098,สถาบันอาชีวศึกษาของเอกชน,0,0,0
2567-3,86010098,ศึกษาต่อสถาบันอื่น ๆ,0,0,0
2567-3,86010098,ไม่ศึกษาต่อ ทำงานภาคอุตสาหกรรม,0,0,0
2567-3,86010098,ไม่ศึกษาต่อ ทำงานภาคการเกษตร,0,0,0
2567-3,86010098,ไม่ศึกษาต่อ ทำงานการประมง,0,0,0
2567-3,86010098,ไม่ศึกษาต่อ ทำงานค้าขาย ธุรกิจ,0,0,0
2567-3,86010098,ไม่ศึกษาต่อ ทำงานบริการ,0,0,0
2567-3,86010098,ไม่ศึกษาต่อ ทำงานรับจ้างทั่วไป,0,0,0
2567-3,86010098,ไม่ศึกษาต่อ ทำงานอื่น ๆ,0,0,0
2567-3,86010098,บวชในศาสนา,0,0,0
2567-3,86010098,ไม่ประกอบอาชีพและไม่ศึกษาต่อ,0,0,0
2567-3,86010098,อื่น ๆ,0,0,0
2567-3,86010099,นักเรียนจบทั้งหมด,0,0,0
2567-3,86010099,ศึกษาต่อ ม.4 โรงเรียนเดิม,0,0,0
2567-3,86010099,ศึกษาต่อ ม.4 โรงเรียนอื่น ในจังหวัดเดิม,0,0,0
2567-3,86010099,ศึกษาต่อ ม.4 โรงเรียนอื่น ในต่างจังหวัด,0,0,0
2567-3,86010099,ศึกษาต่อ ม.4 โรงเรียนอื่น ใน กทม.,0,0,0
2567-3,86010099,สถาบันอาชีวศึกษาของรัฐบาล,0,0,0
2567-3,86010099,สถาบันอาชีวศึกษาของเอกชน,0,0,0
2567-3,86010099,ศึกษาต่อสถาบันอื่น ๆ,0,0,0
2567-3,86010099,ไม่ศึกษาต่อ ทำงานภาคอุตสาหกรรม,0,0,0
2567-3,86010099,ไม่ศึกษาต่อ ทำงานภาคการเกษตร,0,0,0
2567-3,86010099,ไม่ศึกษาต่อ ทำงานการประมง,0,0,0
2567-3,86010099,ไม่ศึกษาต่อ ทำงานค้าขาย ธุรกิจ,0,0,0
2567-3,86010099,ไม่ศึกษาต่อ ทำงานบริการ,0,0,0
2567-3,86010099,ไม่ศึกษาต่อ ทำงานรับจ้างทั่วไป,0,0,0
2567-3,86010099,ไม่ศึกษาต่อ ทำงานอื่น ๆ,0,0,0
2567-3,86010099,บวชในศาสนา,0,0,0
2567-3,86010099,ไม่ประกอบอาชีพและไม่ศึกษาต่อ,0,0,0
2567-3,86010099,อื่น ๆ,0,0,0
2567-3,86010100,นักเรียนจบทั้งหมด,9,4,13
2567-3,86010100,ศึกษาต่อ ม.4 โรงเรียนเดิม,0,0,0
2567-3,86010100,ศึกษาต่อ ม.4 โรงเรียนอื่น ในจังหวัดเดิม,8,4,12
2567-3,86010100,ศึกษาต่อ ม.4 โรงเรียนอื่น ในต่างจังหวัด,0,0,0
2567-3,86010100,ศึกษาต่อ ม.4 โรงเรียนอื่น ใน กทม.,0,0,0
2567-3,86010100,สถาบันอาชีวศึกษาของรัฐบาล,1,0,1
2567-3,86010100,สถาบันอาชีวศึกษาของเอกชน,0,0,0
2567-3,86010100,ศึกษาต่อสถาบันอื่น ๆ,0,0,0
2567-3,86010100,ไม่ศึกษาต่อ ทำงานภาคอุตสาหกรรม,0,0,0
2567-3,86010100,ไม่ศึกษาต่อ ทำงานภาคการเกษตร,0,0,0
2567-3,86010100,ไม่ศึกษาต่อ ทำงานการประมง,0,0,0
2567-3,86010100,ไม่ศึกษาต่อ ทำงานค้าขาย ธุรกิจ,0,0,0
2567-3,86010100,ไม่ศึกษาต่อ ทำงานบริการ,0,0,0
2567-3,86010100,ไม่ศึกษาต่อ ทำงานรับจ้างทั่วไป,0,0,0
2567-3,86010100,ไม่ศึกษาต่อ ทำงานอื่น ๆ,0,0,0
2567-3,86010100,บวชในศาสนา,0,0,0
2567-3,86010100,ไม่ประกอบอาชีพและไม่ศึกษาต่อ,0,0,0
2567-3,86010100,อื่น ๆ,0,0,0
2567-3,86010101,นักเรียนจบทั้งหมด,0,0,0
2567-3,86010101,ศึกษาต่อ ม.4 โรงเรียนเดิม,0,0,0
2567-3,86010101,ศึกษาต่อ ม.4 โรงเรียนอื่น ในจังหวัดเดิม,0,0,0
2567-3,86010101,ศึกษาต่อ ม.4 โรงเรียนอื่น ในต่างจังหวัด,0,0,0
2567-3,86010101,ศึกษาต่อ ม.4 โรงเรียนอื่น ใน กทม.,0,0,0
2567-3,86010101,สถาบันอาชีวศึกษาของรัฐบาล,0,0,0
2567-3,86010101,สถาบันอาชีวศึกษาของเอกชน,0,0,0
2567-3,86010101,ศึกษาต่อสถาบันอื่น ๆ,0,0,0
2567-3,86010101,ไม่ศึกษาต่อ ทำงานภาคอุตสาหกรรม,0,0,0
2567-3,86010101,ไม่ศึกษาต่อ ทำงานภาคการเกษตร,0,0,0
2567-3,86010101,ไม่ศึกษาต่อ ทำงานการประมง,0,0,0
2567-3,86010101,ไม่ศึกษาต่อ ทำงานค้าขาย ธุรกิจ,0,0,0
2567-3,86010101,ไม่ศึกษาต่อ ทำงานบริการ,0,0,0
2567-3,86010101,ไม่ศึกษาต่อ ทำงานรับจ้างทั่วไป,0,0,0
2567-3,86010101,ไม่ศึกษาต่อ ทำงานอื่น ๆ,0,0,0
2567-3,86010101,บวชในศาสนา,0,0,0
2567-3,86010101,ไม่ประกอบอาชีพและไม่ศึกษาต่อ,0,0,0
2567-3,86010101,อื่น ๆ,0,0,0
2567-3,86010102,นักเรียนจบทั้งหมด,29,23,52
2567-3,86010102,ศึกษาต่อ ม.4 โรงเรียนเดิม,0,0,0
2567-3,86010102,ศึกษาต่อ ม.4 โรงเรียนอื่น ในจังหวัดเดิม,29,23,52
2567-3,86010102,ศึกษาต่อ ม.4 โรงเรียนอื่น ในต่างจังหวัด,0,0,0
2567-3,86010102,ศึกษาต่อ ม.4 โรงเรียนอื่น ใน กทม.,0,0,0
2567-3,86010102,สถาบันอาชีวศึกษาของรัฐบาล,0,0,0
2567-3,86010102,สถาบันอาชีวศึกษาของเอกชน,0,0,0
2567-3,86010102,ศึกษาต่อสถาบันอื่น ๆ,0,0,0
2567-3,86010102,ไม่ศึกษาต่อ ทำงานภาคอุตสาหกรรม,0,0,0
2567-3,86010102,ไม่ศึกษาต่อ ทำงานภาคการเกษตร,0,0,0
2567-3,86010102,ไม่ศึกษาต่อ ทำงานการประมง,0,0,0
2567-3,86010102,ไม่ศึกษาต่อ ทำงานค้าขาย ธุรกิจ,0,0,0
2567-3,86010102,ไม่ศึกษาต่อ ทำงานบริการ,0,0,0
2567-3,86010102,ไม่ศึกษาต่อ ทำงานรับจ้างทั่วไป,0,0,0
2567-3,86010102,ไม่ศึกษาต่อ ทำงานอื่น ๆ,0,0,0
2567-3,86010102,บวชในศาสนา,0,0,0
2567-3,86010102,ไม่ประกอบอาชีพและไม่ศึกษาต่อ,0,0,0
2567-3,86010102,อื่น ๆ,0,0,0
2567-3,86010103,นักเรียนจบทั้งหมด,11,9,20
2567-3,86010103,ศึกษาต่อ ม.4 โรงเรียนเดิม,0,0,0
2567-3,86010103,ศึกษาต่อ ม.4 โรงเรียนอื่น ในจังหวัดเดิม,11,9,20
2567-3,86010103,ศึกษาต่อ ม.4 โรงเรียนอื่น ในต่างจังหวัด,0,0,0
2567-3,86010103,ศึกษาต่อ ม.4 โรงเรียนอื่น ใน กทม.,0,0,0
2567-3,86010103,สถาบันอาชีวศึกษาของรัฐบาล,0,0,0
2567-3,86010103,สถาบันอาชีวศึกษาของเอกชน,0,0,0
2567-3,86010103,ศึกษาต่อสถาบันอื่น ๆ,0,0,0
2567-3,86010103,ไม่ศึกษาต่อ ทำงานภาคอุตสาหกรรม,0,0,0
2567-3,86010103,ไม่ศึกษาต่อ ทำงานภาคการเกษตร,0,0,0
2567-3,86010103,ไม่ศึกษาต่อ ทำงานการประมง,0,0,0
2567-3,86010103,ไม่ศึกษาต่อ ทำงานค้าขาย ธุรกิจ,0,0,0
2567-3,86010103,ไม่ศึกษาต่อ ทำงานบริการ,0,0,0
2567-3,86010103,ไม่ศึกษาต่อ ทำงานรับจ้างทั่วไป,0,0,0
2567-3,86010103,ไม่ศึกษาต่อ ทำงานอื่น ๆ,0,0,0
2567-3,86010103,บวชในศาสนา,0,0,0
2567-3,86010103,ไม่ประกอบอาชีพและไม่ศึกษาต่อ,0,0,0
2567-3,86010103,อื่น ๆ,0,0,0
2567-3,86010104,นักเรียนจบทั้งหมด,13,13,26
2567-3,86010104,ศึกษาต่อ ม.4 โรงเรียนเดิม,0,0,0
2567-3,86010104,ศึกษาต่อ ม.4 โรงเรียนอื่น ในจังหวัดเดิม,3,5,8
2567-3,86010104,ศึกษาต่อ ม.4 โรงเรียนอื่น ในต่างจังหวัด,0,1,1
2567-3,86010104,ศึกษาต่อ ม.4 โรงเรียนอื่น ใน กทม.,0,0,0
2567-3,86010104,สถาบันอาชีวศึกษาของรัฐบาล,9,2,11
2567-3,86010104,สถาบันอาชีวศึกษาของเอกชน,0,0,0
2567-3,86010104,ศึกษาต่อสถาบันอื่น ๆ,1,5,6
2567-3,86010104,ไม่ศึกษาต่อ ทำงานภาคอุตสาหกรรม,0,0,0
2567-3,86010104,ไม่ศึกษาต่อ ทำงานภาคการเกษตร,0,0,0
2567-3,86010104,ไม่ศึกษาต่อ ทำงานการประมง,0,0,0
2567-3,86010104,ไม่ศึกษาต่อ ทำงานค้าขาย ธุรกิจ,0,0,0
2567-3,86010104,ไม่ศึกษาต่อ ทำงานบริการ,0,0,0
2567-3,86010104,ไม่ศึกษาต่อ ทำงานรับจ้างทั่วไป,0,0,0
2567-3,86010104,ไม่ศึกษาต่อ ทำงานอื่น ๆ,0,0,0
2567-3,86010104,บวชในศาสนา,0,0,0
2567-3,86010104,ไม่ประกอบอาชีพและไม่ศึกษาต่อ,0,0,0
2567-3,86010104,อื่น ๆ,0,0,0
2567-3,86010105,นักเรียนจบทั้งหมด,0,0,0
2567-3,86010105,ศึกษาต่อ ม.4 โรงเรียนเดิม,0,0,0
2567-3,86010105,ศึกษาต่อ ม.4 โรงเรียนอื่น ในจังหวัดเดิม,0,0,0
2567-3,86010105,ศึกษาต่อ ม.4 โรงเรียนอื่น ในต่างจังหวัด,0,0,0
2567-3,86010105,ศึกษาต่อ ม.4 โรงเรียนอื่น ใน กทม.,0,0,0
2567-3,86010105,สถาบันอาชีวศึกษาของรัฐบาล,0,0,0
2567-3,86010105,สถาบันอาชีวศึกษาของเอกชน,0,0,0
2567-3,86010105,ศึกษาต่อสถาบันอื่น ๆ,0,0,0
2567-3,86010105,ไม่ศึกษาต่อ ทำงานภาคอุตสาหกรรม,0,0,0
2567-3,86010105,ไม่ศึกษาต่อ ทำงานภาคการเกษตร,0,0,0
2567-3,86010105,ไม่ศึกษาต่อ ทำงานการประมง,0,0,0
2567-3,86010105,ไม่ศึกษาต่อ ทำงานค้าขาย ธุรกิจ,0,0,0
2567-3,86010105,ไม่ศึกษาต่อ ทำงานบริการ,0,0,0
2567-3,86010105,ไม่ศึกษาต่อ ทำงานรับจ้างทั่วไป,0,0,0
2567-3,86010105,ไม่ศึกษาต่อ ทำงานอื่น ๆ,0,0,0
2567-3,86010105,บวชในศาสนา,0,0,0
2567-3,86010105,ไม่ประกอบอาชีพและไม่ศึกษาต่อ,0,0,0
2567-3,86010105,อื่น ๆ,0,0,0
2567-3,86010106,นักเรียนจบทั้งหมด,0,0,0
2567-3,86010106,ศึกษาต่อ ม.4 โรงเรียนเดิม,0,0,0
2567-3,86010106,ศึกษาต่อ ม.4 โรงเรียนอื่น ในจังหวัดเดิม,0,0,0
2567-3,86010106,ศึกษาต่อ ม.4 โรงเรียนอื่น ในต่างจังหวัด,0,0,0
2567-3,86010106,ศึกษาต่อ ม.4 โรงเรียนอื่น ใน กทม.,0,0,0
2567-3,86010106,สถาบันอาชีวศึกษาของรัฐบาล,0,0,0
2567-3,86010106,สถาบันอาชีวศึกษาของเอกชน,0,0,0
2567-3,86010106,ศึกษาต่อสถาบันอื่น ๆ,0,0,0
2567-3,86010106,ไม่ศึกษาต่อ ทำงานภาคอุตสาหกรรม,0,0,0
2567-3,86010106,ไม่ศึกษาต่อ ทำงานภาคการเกษตร,0,0,0
2567-3,86010106,ไม่ศึกษาต่อ ทำงานการประมง,0,0,0
2567-3,86010106,ไม่ศึกษาต่อ ทำงานค้าขาย ธุรกิจ,0,0,0
2567-3,86010106,ไม่ศึกษาต่อ ทำงานบริการ,0,0,0
2567-3,86010106,ไม่ศึกษาต่อ ทำงานรับจ้างทั่วไป,0,0,0
2567-3,86010106,ไม่ศึกษาต่อ ทำงานอื่น ๆ,0,0,0
2567-3,86010106,บวชในศาสนา,0,0,0
2567-3,86010106,ไม่ประกอบอาชีพและไม่ศึกษาต่อ,0,0,0
2567-3,86010106,อื่น ๆ,0,0,0
2567-3,86010107,นักเรียนจบทั้งหมด,0,0,0
2567-3,86010107,ศึกษาต่อ ม.4 โรงเรียนเดิม,0,0,0
2567-3,86010107,ศึกษาต่อ ม.4 โรงเรียนอื่น ในจังหวัดเดิม,0,0,0
2567-3,86010107,ศึกษาต่อ ม.4 โรงเรียนอื่น ในต่างจังหวัด,0,0,0
2567-3,86010107,ศึกษาต่อ ม.4 โรงเรียนอื่น ใน กทม.,0,0,0
2567-3,86010107,สถาบันอาชีวศึกษาของรัฐบาล,0,0,0
2567-3,86010107,สถาบันอาชีวศึกษาของเอกชน,0,0,0
2567-3,86010107,ศึกษาต่อสถาบันอื่น ๆ,0,0,0
2567-3,86010107,ไม่ศึกษาต่อ ทำงานภาคอุตสาหกรรม,0,0,0
2567-3,86010107,ไม่ศึกษาต่อ ทำงานภาคการเกษตร,0,0,0
2567-3,86010107,ไม่ศึกษาต่อ ทำงานการประมง,0,0,0
2567-3,86010107,ไม่ศึกษาต่อ ทำงานค้าขาย ธุรกิจ,0,0,0
2567-3,86010107,ไม่ศึกษาต่อ ทำงานบริการ,0,0,0
2567-3,86010107,ไม่ศึกษาต่อ ทำงานรับจ้างทั่วไป,0,0,0
2567-3,86010107,ไม่ศึกษาต่อ ทำงานอื่น ๆ,0,0,0
2567-3,86010107,บวชในศาสนา,0,0,0
2567-3,86010107,ไม่ประกอบอาชีพและไม่ศึกษาต่อ,0,0,0
2567-3,86010107,อื่น ๆ,0,0,0
2567-3,86010108,นักเรียนจบทั้งหมด,12,18,30
2567-3,86010108,ศึกษาต่อ ม.4 โรงเรียนเดิม,0,0,0
2567-3,86010108,ศึกษาต่อ ม.4 โรงเรียนอื่น ในจังหวัดเดิม,10,13,23
2567-3,86010108,ศึกษาต่อ ม.4 โรงเรียนอื่น ในต่างจังหวัด,0,0,0
2567-3,86010108,ศึกษาต่อ ม.4 โรงเรียนอื่น ใน กทม.,0,0,0
2567-3,86010108,สถาบันอาชีวศึกษาของรัฐบาล,2,5,7
2567-3,86010108,สถาบันอาชีวศึกษาของเอกชน,0,0,0
2567-3,86010108,ศึกษาต่อสถาบันอื่น ๆ,0,0,0
2567-3,86010108,ไม่ศึกษาต่อ ทำงานภาคอุตสาหกรรม,0,0,0
2567-3,86010108,ไม่ศึกษาต่อ ทำงานภาคการเกษตร,0,0,0
2567-3,86010108,ไม่ศึกษาต่อ ทำงานการประมง,0,0,0
2567-3,86010108,ไม่ศึกษาต่อ ทำงานค้าขาย ธุรกิจ,0,0,0
2567-3,86010108,ไม่ศึกษาต่อ ทำงานบริการ,0,0,0
2567-3,86010108,ไม่ศึกษาต่อ ทำงานรับจ้างทั่วไป,0,0,0
2567-3,86010108,ไม่ศึกษาต่อ ทำงานอื่น ๆ,0,0,0
2567-3,86010108,บวชในศาสนา,0,0,0
2567-3,86010108,ไม่ประกอบอาชีพและไม่ศึกษาต่อ,0,0,0
2567-3,86010108,อื่น ๆ,0,0,0
2567-3,86010109,นักเรียนจบทั้งหมด,0,0,0
2567-3,86010109,ศึกษาต่อ ม.4 โรงเรียนเดิม,0,0,0
2567-3,86010109,ศึกษาต่อ ม.4 โรงเรียนอื่น ในจังหวัดเดิม,0,0,0
2567-3,86010109,ศึกษาต่อ ม.4 โรงเรียนอื่น ในต่างจังหวัด,0,0,0
2567-3,86010109,ศึกษาต่อ ม.4 โรงเรียนอื่น ใน กทม.,0,0,0
2567-3,86010109,สถาบันอาชีวศึกษาของรัฐบาล,0,0,0
2567-3,86010109,สถาบันอาชีวศึกษาของเอกชน,0,0,0
2567-3,86010109,ศึกษาต่อสถาบันอื่น ๆ,0,0,0
2567-3,86010109,ไม่ศึกษาต่อ ทำงานภาคอุตสาหกรรม,0,0,0
2567-3,86010109,ไม่ศึกษาต่อ ทำงานภาคการเกษตร,0,0,0
2567-3,86010109,ไม่ศึกษาต่อ ทำงานการประมง,0,0,0
2567-3,86010109,ไม่ศึกษาต่อ ทำงานค้าขาย ธุรกิจ,0,0,0
2567-3,86010109,ไม่ศึกษาต่อ ทำงานบริการ,0,0,0
2567-3,86010109,ไม่ศึกษาต่อ ทำงานรับจ้างทั่วไป,0,0,0
2567-3,86010109,ไม่ศึกษาต่อ ทำงานอื่น ๆ,0,0,0
2567-3,86010109,บวชในศาสนา,0,0,0
2567-3,86010109,ไม่ประกอบอาชีพและไม่ศึกษาต่อ,0,0,0
2567-3,86010109,อื่น ๆ,0,0,0
2567-3,86010110,นักเรียนจบทั้งหมด,0,1,1
2567-3,86010110,ศึกษาต่อ ม.4 โรงเรียนเดิม,0,0,0
2567-3,86010110,ศึกษาต่อ ม.4 โรงเรียนอื่น ในจังหวัดเดิม,0,0,0
2567-3,86010110,ศึกษาต่อ ม.4 โรงเรียนอื่น ในต่างจังหวัด,0,0,0
2567-3,86010110,ศึกษาต่อ ม.4 โรงเรียนอื่น ใน กทม.,0,0,0
2567-3,86010110,สถาบันอาชีวศึกษาของรัฐบาล,0,0,0
2567-3,86010110,สถาบันอาชีวศึกษาของเอกชน,0,0,0
2567-3,86010110,ศึกษาต่อสถาบันอื่น ๆ,0,1,1
2567-3,86010110,ไม่ศึกษาต่อ ทำงานภาคอุตสาหกรรม,0,0,0
2567-3,86010110,ไม่ศึกษาต่อ ทำงานภาคการเกษตร,0,0,0
2567-3,86010110,ไม่ศึกษาต่อ ทำงานการประมง,0,0,0
2567-3,86010110,ไม่ศึกษาต่อ ทำงานค้าขาย ธุรกิจ,0,0,0
2567-3,86010110,ไม่ศึกษาต่อ ทำงานบริการ,0,0,0
2567-3,86010110,ไม่ศึกษาต่อ ทำงานรับจ้างทั่วไป,0,0,0
2567-3,86010110,ไม่ศึกษาต่อ ทำงานอื่น ๆ,0,0,0
2567-3,86010110,บวชในศาสนา,0,0,0
2567-3,86010110,ไม่ประกอบอาชีพและไม่ศึกษาต่อ,0,0,0
2567-3,86010110,อื่น ๆ,0,0,0
2567-3,86010111,นักเรียนจบทั้งหมด,0,0,0
2567-3,86010111,ศึกษาต่อ ม.4 โรงเรียนเดิม,0,0,0
2567-3,86010111,ศึกษาต่อ ม.4 โรงเรียนอื่น ในจังหวัดเดิม,0,0,0
2567-3,86010111,ศึกษาต่อ ม.4 โรงเรียนอื่น ในต่างจังหวัด,0,0,0
2567-3,86010111,ศึกษาต่อ ม.4 โรงเรียนอื่น ใน กทม.,0,0,0
2567-3,86010111,สถาบันอาชีวศึกษาของรัฐบาล,0,0,0
2567-3,86010111,สถาบันอาชีวศึกษาของเอกชน,0,0,0
2567-3,86010111,ศึกษาต่อสถาบันอื่น ๆ,0,0,0
2567-3,86010111,ไม่ศึกษาต่อ ทำงานภาคอุตสาหกรรม,0,0,0
2567-3,86010111,ไม่ศึกษาต่อ ทำงานภาคการเกษตร,0,0,0
2567-3,86010111,ไม่ศึกษาต่อ ทำงานการประมง,0,0,0
2567-3,86010111,ไม่ศึกษาต่อ ทำงานค้าขาย ธุรกิจ,0,0,0
2567-3,86010111,ไม่ศึกษาต่อ ทำงานบริการ,0,0,0
2567-3,86010111,ไม่ศึกษาต่อ ทำงานรับจ้างทั่วไป,0,0,0
2567-3,86010111,ไม่ศึกษาต่อ ทำงานอื่น ๆ,0,0,0
2567-3,86010111,บวชในศาสนา,0,0,0
2567-3,86010111,ไม่ประกอบอาชีพและไม่ศึกษาต่อ,0,0,0
2567-3,86010111,อื่น ๆ,0,0,0
2567-3,86010112,นักเรียนจบทั้งหมด,0,0,0
2567-3,86010112,ศึกษาต่อ ม.4 โรงเรียนเดิม,0,0,0
2567-3,86010112,ศึกษาต่อ ม.4 โรงเรียนอื่น ในจังหวัดเดิม,0,0,0
2567-3,86010112,ศึกษาต่อ ม.4 โรงเรียนอื่น ในต่างจังหวัด,0,0,0
2567-3,86010112,ศึกษาต่อ ม.4 โรงเรียนอื่น ใน กทม.,0,0,0
2567-3,86010112,สถาบันอาชีวศึกษาของรัฐบาล,0,0,0
2567-3,86010112,สถาบันอาชีวศึกษาของเอกชน,0,0,0
2567-3,86010112,ศึกษาต่อสถาบันอื่น ๆ,0,0,0
2567-3,86010112,ไม่ศึกษาต่อ ทำงานภาคอุตสาหกรรม,0,0,0
2567-3,86010112,ไม่ศึกษาต่อ ทำงานภาคการเกษตร,0,0,0
2567-3,86010112,ไม่ศึกษาต่อ ทำงานการประมง,0,0,0
2567-3,86010112,ไม่ศึกษาต่อ ทำงานค้าขาย ธุรกิจ,0,0,0
2567-3,86010112,ไม่ศึกษาต่อ ทำงานบริการ,0,0,0
2567-3,86010112,ไม่ศึกษาต่อ ทำงานรับจ้างทั่วไป,0,0,0
2567-3,86010112,ไม่ศึกษาต่อ ทำงานอื่น ๆ,0,0,0
2567-3,86010112,บวชในศาสนา,0,0,0
2567-3,86010112,ไม่ประกอบอาชีพและไม่ศึกษาต่อ,0,0,0
2567-3,86010112,อื่น ๆ,0,0,0
2567-3,86010113,นักเรียนจบทั้งหมด,0,0,0
2567-3,86010113,ศึกษาต่อ ม.4 โรงเรียนเดิม,0,0,0
2567-3,86010113,ศึกษาต่อ ม.4 โรงเรียนอื่น ในจังหวัดเดิม,0,0,0
2567-3,86010113,ศึกษาต่อ ม.4 โรงเรียนอื่น ในต่างจังหวัด,0,0,0
2567-3,86010113,ศึกษาต่อ ม.4 โรงเรียนอื่น ใน กทม.,0,0,0
2567-3,86010113,สถาบันอาชีวศึกษาของรัฐบาล,0,0,0
2567-3,86010113,สถาบันอาชีวศึกษาของเอกชน,0,0,0
2567-3,86010113,ศึกษาต่อสถาบันอื่น ๆ,0,0,0
2567-3,86010113,ไม่ศึกษาต่อ ทำงานภาคอุตสาหกรรม,0,0,0
2567-3,86010113,ไม่ศึกษาต่อ ทำงานภาคการเกษตร,0,0,0
2567-3,86010113,ไม่ศึกษาต่อ ทำงานการประมง,0,0,0
2567-3,86010113,ไม่ศึกษาต่อ ทำงานค้าขาย ธุรกิจ,0,0,0
2567-3,86010113,ไม่ศึกษาต่อ ทำงานบริการ,0,0,0
2567-3,86010113,ไม่ศึกษาต่อ ทำงานรับจ้างทั่วไป,0,0,0
2567-3,86010113,ไม่ศึกษาต่อ ทำงานอื่น ๆ,0,0,0
2567-3,86010113,บวชในศาสนา,0,0,0
2567-3,86010113,ไม่ประกอบอาชีพและไม่ศึกษาต่อ,0,0,0
2567-3,86010113,อื่น ๆ,0,0,0
2567-3,86010115,นักเรียนจบทั้งหมด,8,5,13
2567-3,86010115,ศึกษาต่อ ม.4 โรงเรียนเดิม,0,0,0
2567-3,86010115,ศึกษาต่อ ม.4 โรงเรียนอื่น ในจังหวัดเดิม,1,0,1
2567-3,86010115,ศึกษาต่อ ม.4 โรงเรียนอื่น ในต่างจังหวัด,0,0,0
2567-3,86010115,ศึกษาต่อ ม.4 โรงเรียนอื่น ใน กทม.,0,0,0
2567-3,86010115,สถาบันอาชีวศึกษาของรัฐบาล,7,5,12
2567-3,86010115,สถาบันอาชีวศึกษาของเอกชน,0,0,0
2567-3,86010115,ศึกษาต่อสถาบันอื่น ๆ,0,0,0
2567-3,86010115,ไม่ศึกษาต่อ ทำงานภาคอุตสาหกรรม,0,0,0
2567-3,86010115,ไม่ศึกษาต่อ ทำงานภาคการเกษตร,0,0,0
2567-3,86010115,ไม่ศึกษาต่อ ทำงานการประมง,0,0,0
2567-3,86010115,ไม่ศึกษาต่อ ทำงานค้าขาย ธุรกิจ,0,0,0
2567-3,86010115,ไม่ศึกษาต่อ ทำงานบริการ,0,0,0
2567-3,86010115,ไม่ศึกษาต่อ ทำงานรับจ้างทั่วไป,0,0,0
2567-3,86010115,ไม่ศึกษาต่อ ทำงานอื่น ๆ,0,0,0
2567-3,86010115,บวชในศาสนา,0,0,0
2567-3,86010115,ไม่ประกอบอาชีพและไม่ศึกษาต่อ,0,0,0
2567-3,86010115,อื่น ๆ,0,0,0
2567-3,86010118,นักเรียนจบทั้งหมด,0,0,0
2567-3,86010118,ศึกษาต่อ ม.4 โรงเรียนเดิม,0,0,0
2567-3,86010118,ศึกษาต่อ ม.4 โรงเรียนอื่น ในจังหวัดเดิม,0,0,0
2567-3,86010118,ศึกษาต่อ ม.4 โรงเรียนอื่น ในต่างจังหวัด,0,0,0
2567-3,86010118,ศึกษาต่อ ม.4 โรงเรียนอื่น ใน กทม.,0,0,0
2567-3,86010118,สถาบันอาชีวศึกษาของรัฐบาล,0,0,0
2567-3,86010118,สถาบันอาชีวศึกษาของเอกชน,0,0,0
2567-3,86010118,ศึกษาต่อสถาบันอื่น ๆ,0,0,0
2567-3,86010118,ไม่ศึกษาต่อ ทำงานภาคอุตสาหกรรม,0,0,0
2567-3,86010118,ไม่ศึกษาต่อ ทำงานภาคการเกษตร,0,0,0
2567-3,86010118,ไม่ศึกษาต่อ ทำงานการประมง,0,0,0
2567-3,86010118,ไม่ศึกษาต่อ ทำงานค้าขาย ธุรกิจ,0,0,0
2567-3,86010118,ไม่ศึกษาต่อ ทำงานบริการ,0,0,0
2567-3,86010118,ไม่ศึกษาต่อ ทำงานรับจ้างทั่วไป,0,0,0
2567-3,86010118,ไม่ศึกษาต่อ ทำงานอื่น ๆ,0,0,0
2567-3,86010118,บวชในศาสนา,0,0,0
2567-3,86010118,ไม่ประกอบอาชีพและไม่ศึกษาต่อ,0,0,0
2567-3,86010118,อื่น ๆ,0,0,0
2567-3,86010119,นักเรียนจบทั้งหมด,0,0,0
2567-3,86010119,ศึกษาต่อ ม.4 โรงเรียนเดิม,0,0,0
2567-3,86010119,ศึกษาต่อ ม.4 โรงเรียนอื่น ในจังหวัดเดิม,0,0,0
2567-3,86010119,ศึกษาต่อ ม.4 โรงเรียนอื่น ในต่างจังหวัด,0,0,0
2567-3,86010119,ศึกษาต่อ ม.4 โรงเรียนอื่น ใน กทม.,0,0,0
2567-3,86010119,สถาบันอาชีวศึกษาของรัฐบาล,0,0,0
2567-3,86010119,สถาบันอาชีวศึกษาของเอกชน,0,0,0
2567-3,86010119,ศึกษาต่อสถาบันอื่น ๆ,0,0,0
2567-3,86010119,ไม่ศึกษาต่อ ทำงานภาคอุตสาหกรรม,0,0,0
2567-3,86010119,ไม่ศึกษาต่อ ทำงานภาคการเกษตร,0,0,0
2567-3,86010119,ไม่ศึกษาต่อ ทำงานการประมง,0,0,0
2567-3,86010119,ไม่ศึกษาต่อ ทำงานค้าขาย ธุรกิจ,0,0,0
2567-3,86010119,ไม่ศึกษาต่อ ทำงานบริการ,0,0,0
2567-3,86010119,ไม่ศึกษาต่อ ทำงานรับจ้างทั่วไป,0,0,0
2567-3,86010119,ไม่ศึกษาต่อ ทำงานอื่น ๆ,0,0,0
2567-3,86010119,บวชในศาสนา,0,0,0
2567-3,86010119,ไม่ประกอบอาชีพและไม่ศึกษาต่อ,0,0,0
2567-3,86010119,อื่น ๆ,0,0,0
2567-3,86010120,นักเรียนจบทั้งหมด,0,0,0
2567-3,86010120,ศึกษาต่อ ม.4 โรงเรียนเดิม,0,0,0
2567-3,86010120,ศึกษาต่อ ม.4 โรงเรียนอื่น ในจังหวัดเดิม,0,0,0
2567-3,86010120,ศึกษาต่อ ม.4 โรงเรียนอื่น ในต่างจังหวัด,0,0,0
2567-3,86010120,ศึกษาต่อ ม.4 โรงเรียนอื่น ใน กทม.,0,0,0
2567-3,86010120,สถาบันอาชีวศึกษาของรัฐบาล,0,0,0
2567-3,86010120,สถาบันอาชีวศึกษาของเอกชน,0,0,0
2567-3,86010120,ศึกษาต่อสถาบันอื่น ๆ,0,0,0
2567-3,86010120,ไม่ศึกษาต่อ ทำงานภาคอุตสาหกรรม,0,0,0
2567-3,86010120,ไม่ศึกษาต่อ ทำงานภาคการเกษตร,0,0,0
2567-3,86010120,ไม่ศึกษาต่อ ทำงานการประมง,0,0,0
2567-3,86010120,ไม่ศึกษาต่อ ทำงานค้าขาย ธุรกิจ,0,0,0
2567-3,86010120,ไม่ศึกษาต่อ ทำงานบริการ,0,0,0
2567-3,86010120,ไม่ศึกษาต่อ ทำงานรับจ้างทั่วไป,0,0,0
2567-3,86010120,ไม่ศึกษาต่อ ทำงานอื่น ๆ,0,0,0
2567-3,86010120,บวชในศาสนา,0,0,0
2567-3,86010120,ไม่ประกอบอาชีพและไม่ศึกษาต่อ,0,0,0
2567-3,86010120,อื่น ๆ,0,0,0
2567-3,86010121,นักเรียนจบทั้งหมด,8,4,12
2567-3,86010121,ศึกษาต่อ ม.4 โรงเรียนเดิม,0,0,0
2567-3,86010121,ศึกษาต่อ ม.4 โรงเรียนอื่น ในจังหวัดเดิม,1,4,5
2567-3,86010121,ศึกษาต่อ ม.4 โรงเรียนอื่น ในต่างจังหวัด,0,0,0
2567-3,86010121,ศึกษาต่อ ม.4 โรงเรียนอื่น ใน กทม.,0,0,0
2567-3,86010121,สถาบันอาชีวศึกษาของรัฐบาล,7,0,7
2567-3,86010121,สถาบันอาชีวศึกษาของเอกชน,0,0,0
2567-3,86010121,ศึกษาต่อสถาบันอื่น ๆ,0,0,0
2567-3,86010121,ไม่ศึกษาต่อ ทำงานภาคอุตสาหกรรม,0,0,0
2567-3,86010121,ไม่ศึกษาต่อ ทำงานภาคการเกษตร,0,0,0
2567-3,86010121,ไม่ศึกษาต่อ ทำงานการประมง,0,0,0
2567-3,86010121,ไม่ศึกษาต่อ ทำงานค้าขาย ธุรกิจ,0,0,0
2567-3,86010121,ไม่ศึกษาต่อ ทำงานบริการ,0,0,0
2567-3,86010121,ไม่ศึกษาต่อ ทำงานรับจ้างทั่วไป,0,0,0
2567-3,86010121,ไม่ศึกษาต่อ ทำงานอื่น ๆ,0,0,0
2567-3,86010121,บวชในศาสนา,0,0,0
2567-3,86010121,ไม่ประกอบอาชีพและไม่ศึกษาต่อ,0,0,0
2567-3,86010121,อื่น ๆ,0,0,0
2567-3,86010122,นักเรียนจบทั้งหมด,0,0,0
2567-3,86010122,ศึกษาต่อ ม.4 โรงเรียนเดิม,0,0,0
2567-3,86010122,ศึกษาต่อ ม.4 โรงเรียนอื่น ในจังหวัดเดิม,0,0,0
2567-3,86010122,ศึกษาต่อ ม.4 โรงเรียนอื่น ในต่างจังหวัด,0,0,0
2567-3,86010122,ศึกษาต่อ ม.4 โรงเรียนอื่น ใน กทม.,0,0,0
2567-3,86010122,สถาบันอาชีวศึกษาของรัฐบาล,0,0,0
2567-3,86010122,สถาบันอาชีวศึกษาของเอกชน,0,0,0
2567-3,86010122,ศึกษาต่อสถาบันอื่น ๆ,0,0,0
2567-3,86010122,ไม่ศึกษาต่อ ทำงานภาคอุตสาหกรรม,0,0,0
2567-3,86010122,ไม่ศึกษาต่อ ทำงานภาคการเกษตร,0,0,0
2567-3,86010122,ไม่ศึกษาต่อ ทำงานการประมง,0,0,0
2567-3,86010122,ไม่ศึกษาต่อ ทำงานค้าขาย ธุรกิจ,0,0,0
2567-3,86010122,ไม่ศึกษาต่อ ทำงานบริการ,0,0,0
2567-3,86010122,ไม่ศึกษาต่อ ทำงานรับจ้างทั่วไป,0,0,0
2567-3,86010122,ไม่ศึกษาต่อ ทำงานอื่น ๆ,0,0,0
2567-3,86010122,บวชในศาสนา,0,0,0
2567-3,86010122,ไม่ประกอบอาชีพและไม่ศึกษาต่อ,0,0,0
2567-3,86010122,อื่น ๆ,0,0,0
2567-3,86010124,นักเรียนจบทั้งหมด,0,0,0
2567-3,86010124,ศึกษาต่อ ม.4 โรงเรียนเดิม,0,0,0
2567-3,86010124,ศึกษาต่อ ม.4 โรงเรียนอื่น ในจังหวัดเดิม,0,0,0
2567-3,86010124,ศึกษาต่อ ม.4 โรงเรียนอื่น ในต่างจังหวัด,0,0,0
2567-3,86010124,ศึกษาต่อ ม.4 โรงเรียนอื่น ใน กทม.,0,0,0
2567-3,86010124,สถาบันอาชีวศึกษาของรัฐบาล,0,0,0
2567-3,86010124,สถาบันอาชีวศึกษาของเอกชน,0,0,0
2567-3,86010124,ศึกษาต่อสถาบันอื่น ๆ,0,0,0
2567-3,86010124,ไม่ศึกษาต่อ ทำงานภาคอุตสาหกรรม,0,0,0
2567-3,86010124,ไม่ศึกษาต่อ ทำงานภาคการเกษตร,0,0,0
2567-3,86010124,ไม่ศึกษาต่อ ทำงานการประมง,0,0,0
2567-3,86010124,ไม่ศึกษาต่อ ทำงานค้าขาย ธุรกิจ,0,0,0
2567-3,86010124,ไม่ศึกษาต่อ ทำงานบริการ,0,0,0
2567-3,86010124,ไม่ศึกษาต่อ ทำงานรับจ้างทั่วไป,0,0,0
2567-3,86010124,ไม่ศึกษาต่อ ทำงานอื่น ๆ,0,0,0
2567-3,86010124,บวชในศาสนา,0,0,0
2567-3,86010124,ไม่ประกอบอาชีพและไม่ศึกษาต่อ,0,0,0
2567-3,86010124,อื่น ๆ,0,0,0
2567-3,86010126,นักเรียนจบทั้งหมด,0,0,0
2567-3,86010126,ศึกษาต่อ ม.4 โรงเรียนเดิม,0,0,0
2567-3,86010126,ศึกษาต่อ ม.4 โรงเรียนอื่น ในจังหวัดเดิม,0,0,0
2567-3,86010126,ศึกษาต่อ ม.4 โรงเรียนอื่น ในต่างจังหวัด,0,0,0
2567-3,86010126,ศึกษาต่อ ม.4 โรงเรียนอื่น ใน กทม.,0,0,0
2567-3,86010126,สถาบันอาชีวศึกษาของรัฐบาล,0,0,0
2567-3,86010126,สถาบันอาชีวศึกษาของเอกชน,0,0,0
2567-3,86010126,ศึกษาต่อสถาบันอื่น ๆ,0,0,0
2567-3,86010126,ไม่ศึกษาต่อ ทำงานภาคอุตสาหกรรม,0,0,0
2567-3,86010126,ไม่ศึกษาต่อ ทำงานภาคการเกษตร,0,0,0
2567-3,86010126,ไม่ศึกษาต่อ ทำงานการประมง,0,0,0
2567-3,86010126,ไม่ศึกษาต่อ ทำงานค้าขาย ธุรกิจ,0,0,0
2567-3,86010126,ไม่ศึกษาต่อ ทำงานบริการ,0,0,0
2567-3,86010126,ไม่ศึกษาต่อ ทำงานรับจ้างทั่วไป,0,0,0
2567-3,86010126,ไม่ศึกษาต่อ ทำงานอื่น ๆ,0,0,0
2567-3,86010126,บวชในศาสนา,0,0,0
2567-3,86010126,ไม่ประกอบอาชีพและไม่ศึกษาต่อ,0,0,0
2567-3,86010126,อื่น ๆ,0,0,0
2567-3,86010127,นักเรียนจบทั้งหมด,0,0,0
2567-3,86010127,ศึกษาต่อ ม.4 โรงเรียนเดิม,0,0,0
2567-3,86010127,ศึกษาต่อ ม.4 โรงเรียนอื่น ในจังหวัดเดิม,0,0,0
2567-3,86010127,ศึกษาต่อ ม.4 โรงเรียนอื่น ในต่างจังหวัด,0,0,0
2567-3,86010127,ศึกษาต่อ ม.4 โรงเรียนอื่น ใน กทม.,0,0,0
2567-3,86010127,สถาบันอาชีวศึกษาของรัฐบาล,0,0,0
2567-3,86010127,สถาบันอาชีวศึกษาของเอกชน,0,0,0
2567-3,86010127,ศึกษาต่อสถาบันอื่น ๆ,0,0,0
2567-3,86010127,ไม่ศึกษาต่อ ทำงานภาคอุตสาหกรรม,0,0,0
2567-3,86010127,ไม่ศึกษาต่อ ทำงานภาคการเกษตร,0,0,0
2567-3,86010127,ไม่ศึกษาต่อ ทำงานการประมง,0,0,0
2567-3,86010127,ไม่ศึกษาต่อ ทำงานค้าขาย ธุรกิจ,0,0,0
2567-3,86010127,ไม่ศึกษาต่อ ทำงานบริการ,0,0,0
2567-3,86010127,ไม่ศึกษาต่อ ทำงานรับจ้างทั่วไป,0,0,0
2567-3,86010127,ไม่ศึกษาต่อ ทำงานอื่น ๆ,0,0,0
2567-3,86010127,บวชในศาสนา,0,0,0
2567-3,86010127,ไม่ประกอบอาชีพและไม่ศึกษาต่อ,0,0,0
2567-3,86010127,อื่น ๆ,0,0,0
2567-3,86010128,นักเรียนจบทั้งหมด,0,0,0
2567-3,86010128,ศึกษาต่อ ม.4 โรงเรียนเดิม,0,0,0
2567-3,86010128,ศึกษาต่อ ม.4 โรงเรียนอื่น ในจังหวัดเดิม,0,0,0
2567-3,86010128,ศึกษาต่อ ม.4 โรงเรียนอื่น ในต่างจังหวัด,0,0,0
2567-3,86010128,ศึกษาต่อ ม.4 โรงเรียนอื่น ใน กทม.,0,0,0
2567-3,86010128,สถาบันอาชีวศึกษาของรัฐบาล,0,0,0
2567-3,86010128,สถาบันอาชีวศึกษาของเอกชน,0,0,0
2567-3,86010128,ศึกษาต่อสถาบันอื่น ๆ,0,0,0
2567-3,86010128,ไม่ศึกษาต่อ ทำงานภาคอุตสาหกรรม,0,0,0
2567-3,86010128,ไม่ศึกษาต่อ ทำงานภาคการเกษตร,0,0,0
2567-3,86010128,ไม่ศึกษาต่อ ทำงานการประมง,0,0,0
2567-3,86010128,ไม่ศึกษาต่อ ทำงานค้าขาย ธุรกิจ,0,0,0
2567-3,86010128,ไม่ศึกษาต่อ ทำงานบริการ,0,0,0
2567-3,86010128,ไม่ศึกษาต่อ ทำงานรับจ้างทั่วไป,0,0,0
2567-3,86010128,ไม่ศึกษาต่อ ทำงานอื่น ๆ,0,0,0
2567-3,86010128,บวชในศาสนา,0,0,0
2567-3,86010128,ไม่ประกอบอาชีพและไม่ศึกษาต่อ,0,0,0
2567-3,86010128,อื่น ๆ,0,0,0
2567-3,86010129,นักเรียนจบทั้งหมด,0,0,0
2567-3,86010129,ศึกษาต่อ ม.4 โรงเรียนเดิม,0,0,0
2567-3,86010129,ศึกษาต่อ ม.4 โรงเรียนอื่น ในจังหวัดเดิม,0,0,0
2567-3,86010129,ศึกษาต่อ ม.4 โรงเรียนอื่น ในต่างจังหวัด,0,0,0
2567-3,86010129,ศึกษาต่อ ม.4 โรงเรียนอื่น ใน กทม.,0,0,0
2567-3,86010129,สถาบันอาชีวศึกษาของรัฐบาล,0,0,0
2567-3,86010129,สถาบันอาชีวศึกษาของเอกชน,0,0,0
2567-3,86010129,ศึกษาต่อสถาบันอื่น ๆ,0,0,0
2567-3,86010129,ไม่ศึกษาต่อ ทำงานภาคอุตสาหกรรม,0,0,0
2567-3,86010129,ไม่ศึกษาต่อ ทำงานภาคการเกษตร,0,0,0
2567-3,86010129,ไม่ศึกษาต่อ ทำงานการประมง,0,0,0
2567-3,86010129,ไม่ศึกษาต่อ ทำงานค้าขาย ธุรกิจ,0,0,0
2567-3,86010129,ไม่ศึกษาต่อ ทำงานบริการ,0,0,0
2567-3,86010129,ไม่ศึกษาต่อ ทำงานรับจ้างทั่วไป,0,0,0
2567-3,86010129,ไม่ศึกษาต่อ ทำงานอื่น ๆ,0,0,0
2567-3,86010129,บวชในศาสนา,0,0,0
2567-3,86010129,ไม่ประกอบอาชีพและไม่ศึกษาต่อ,0,0,0
2567-3,86010129,อื่น ๆ,0,0,0
2567-3,86010130,นักเรียนจบทั้งหมด,0,0,0
2567-3,86010130,ศึกษาต่อ ม.4 โรงเรียนเดิม,0,0,0
2567-3,86010130,ศึกษาต่อ ม.4 โรงเรียนอื่น ในจังหวัดเดิม,0,0,0
2567-3,86010130,ศึกษาต่อ ม.4 โรงเรียนอื่น ในต่างจังหวัด,0,0,0
2567-3,86010130,ศึกษาต่อ ม.4 โรงเรียนอื่น ใน กทม.,0,0,0
2567-3,86010130,สถาบันอาชีวศึกษาของรัฐบาล,0,0,0
2567-3,86010130,สถาบันอาชีวศึกษาของเอกชน,0,0,0
2567-3,86010130,ศึกษาต่อสถาบันอื่น ๆ,0,0,0
2567-3,86010130,ไม่ศึกษาต่อ ทำงานภาคอุตสาหกรรม,0,0,0
2567-3,86010130,ไม่ศึกษาต่อ ทำงานภาคการเกษตร,0,0,0
2567-3,86010130,ไม่ศึกษาต่อ ทำงานการประมง,0,0,0
2567-3,86010130,ไม่ศึกษาต่อ ทำงานค้าขาย ธุรกิจ,0,0,0
2567-3,86010130,ไม่ศึกษาต่อ ทำงานบริการ,0,0,0
2567-3,86010130,ไม่ศึกษาต่อ ทำงานรับจ้างทั่วไป,0,0,0
2567-3,86010130,ไม่ศึกษาต่อ ทำงานอื่น ๆ,0,0,0
2567-3,86010130,บวชในศาสนา,0,0,0
2567-3,86010130,ไม่ประกอบอาชีพและไม่ศึกษาต่อ,0,0,0
2567-3,86010130,อื่น ๆ,0,0,0
2567-3,86010131,นักเรียนจบทั้งหมด,9,4,13
2567-3,86010131,ศึกษาต่อ ม.4 โรงเรียนเดิม,0,0,0
2567-3,86010131,ศึกษาต่อ ม.4 โรงเรียนอื่น ในจังหวัดเดิม,2,3,5
2567-3,86010131,ศึกษาต่อ ม.4 โรงเรียนอื่น ในต่างจังหวัด,0,0,0
2567-3,86010131,ศึกษาต่อ ม.4 โรงเรียนอื่น ใน กทม.,0,1,1
2567-3,86010131,สถาบันอาชีวศึกษาของรัฐบาล,3,0,3
2567-3,86010131,สถาบันอาชีวศึกษาของเอกชน,0,0,0
2567-3,86010131,ศึกษาต่อสถาบันอื่น ๆ,1,0,1
2567-3,86010131,ไม่ศึกษาต่อ ทำงานภาคอุตสาหกรรม,0,0,0
2567-3,86010131,ไม่ศึกษาต่อ ทำงานภาคการเกษตร,0,0,0
2567-3,86010131,ไม่ศึกษาต่อ ทำงานการประมง,0,0,0
2567-3,86010131,ไม่ศึกษาต่อ ทำงานค้าขาย ธุรกิจ,0,0,0
2567-3,86010131,ไม่ศึกษาต่อ ทำงานบริการ,0,0,0
2567-3,86010131,ไม่ศึกษาต่อ ทำงานรับจ้างทั่วไป,3,0,3
2567-3,86010131,ไม่ศึกษาต่อ ทำงานอื่น ๆ,0,0,0
2567-3,86010131,บวชในศาสนา,0,0,0
2567-3,86010131,ไม่ประกอบอาชีพและไม่ศึกษาต่อ,0,0,0
2567-3,86010131,อื่น ๆ,0,0,0
2567-3,86010132,นักเรียนจบทั้งหมด,0,0,0
2567-3,86010132,ศึกษาต่อ ม.4 โรงเรียนเดิม,0,0,0
2567-3,86010132,ศึกษาต่อ ม.4 โรงเรียนอื่น ในจังหวัดเดิม,0,0,0
2567-3,86010132,ศึกษาต่อ ม.4 โรงเรียนอื่น ในต่างจังหวัด,0,0,0
2567-3,86010132,ศึกษาต่อ ม.4 โรงเรียนอื่น ใน กทม.,0,0,0
2567-3,86010132,สถาบันอาชีวศึกษาของรัฐบาล,0,0,0
2567-3,86010132,สถาบันอาชีวศึกษาของเอกชน,0,0,0
2567-3,86010132,ศึกษาต่อสถาบันอื่น ๆ,0,0,0
2567-3,86010132,ไม่ศึกษาต่อ ทำงานภาคอุตสาหกรรม,0,0,0
2567-3,86010132,ไม่ศึกษาต่อ ทำงานภาคการเกษตร,0,0,0
2567-3,86010132,ไม่ศึกษาต่อ ทำงานการประมง,0,0,0
2567-3,86010132,ไม่ศึกษาต่อ ทำงานค้าขาย ธุรกิจ,0,0,0
2567-3,86010132,ไม่ศึกษาต่อ ทำงานบริการ,0,0,0
2567-3,86010132,ไม่ศึกษาต่อ ทำงานรับจ้างทั่วไป,0,0,0
2567-3,86010132,ไม่ศึกษาต่อ ทำงานอื่น ๆ,0,0,0
2567-3,86010132,บวชในศาสนา,0,0,0
2567-3,86010132,ไม่ประกอบอาชีพและไม่ศึกษาต่อ,0,0,0
2567-3,86010132,อื่น ๆ,0,0,0
2567-3,86010133,นักเรียนจบทั้งหมด,0,0,0
2567-3,86010133,ศึกษาต่อ ม.4 โรงเรียนเดิม,0,0,0
2567-3,86010133,ศึกษาต่อ ม.4 โรงเรียนอื่น ในจังหวัดเดิม,0,0,0
2567-3,86010133,ศึกษาต่อ ม.4 โรงเรียนอื่น ในต่างจังหวัด,0,0,0
2567-3,86010133,ศึกษาต่อ ม.4 โรงเรียนอื่น ใน กทม.,0,0,0
2567-3,86010133,สถาบันอาชีวศึกษาของรัฐบาล,0,0,0
2567-3,86010133,สถาบันอาชีวศึกษาของเอกชน,0,0,0
2567-3,86010133,ศึกษาต่อสถาบันอื่น ๆ,0,0,0
2567-3,86010133,ไม่ศึกษาต่อ ทำงานภาคอุตสาหกรรม,0,0,0
2567-3,86010133,ไม่ศึกษาต่อ ทำงานภาคการเกษตร,0,0,0
2567-3,86010133,ไม่ศึกษาต่อ ทำงานการประมง,0,0,0
2567-3,86010133,ไม่ศึกษาต่อ ทำงานค้าขาย ธุรกิจ,0,0,0
2567-3,86010133,ไม่ศึกษาต่อ ทำงานบริการ,0,0,0
2567-3,86010133,ไม่ศึกษาต่อ ทำงานรับจ้างทั่วไป,0,0,0
2567-3,86010133,ไม่ศึกษาต่อ ทำงานอื่น ๆ,0,0,0
2567-3,86010133,บวชในศาสนา,0,0,0
2567-3,86010133,ไม่ประกอบอาชีพและไม่ศึกษาต่อ,0,0,0
2567-3,86010133,อื่น ๆ,0,0,0
2567-3,86010134,นักเรียนจบทั้งหมด,0,0,0
2567-3,86010134,ศึกษาต่อ ม.4 โรงเรียนเดิม,0,0,0
2567-3,86010134,ศึกษาต่อ ม.4 โรงเรียนอื่น ในจังหวัดเดิม,0,0,0
2567-3,86010134,ศึกษาต่อ ม.4 โรงเรียนอื่น ในต่างจังหวัด,0,0,0
2567-3,86010134,ศึกษาต่อ ม.4 โรงเรียนอื่น ใน กทม.,0,0,0
2567-3,86010134,สถาบันอาชีวศึกษาของรัฐบาล,0,0,0
2567-3,86010134,สถาบันอาชีวศึกษาของเอกชน,0,0,0
2567-3,86010134,ศึกษาต่อสถาบันอื่น ๆ,0,0,0
2567-3,86010134,ไม่ศึกษาต่อ ทำงานภาคอุตสาหกรรม,0,0,0
2567-3,86010134,ไม่ศึกษาต่อ ทำงานภาคการเกษตร,0,0,0
2567-3,86010134,ไม่ศึกษาต่อ ทำงานการประมง,0,0,0
2567-3,86010134,ไม่ศึกษาต่อ ทำงานค้าขาย ธุรกิจ,0,0,0
2567-3,86010134,ไม่ศึกษาต่อ ทำงานบริการ,0,0,0
2567-3,86010134,ไม่ศึกษาต่อ ทำงานรับจ้างทั่วไป,0,0,0
2567-3,86010134,ไม่ศึกษาต่อ ทำงานอื่น ๆ,0,0,0
2567-3,86010134,บวชในศาสนา,0,0,0
2567-3,86010134,ไม่ประกอบอาชีพและไม่ศึกษาต่อ,0,0,0
2567-3,86010134,อื่น ๆ,0,0,0
2567-3,86010136,นักเรียนจบทั้งหมด,0,0,0
2567-3,86010136,ศึกษาต่อ ม.4 โรงเรียนเดิม,0,0,0
2567-3,86010136,ศึกษาต่อ ม.4 โรงเรียนอื่น ในจังหวัดเดิม,0,0,0
2567-3,86010136,ศึกษาต่อ ม.4 โรงเรียนอื่น ในต่างจังหวัด,0,0,0
2567-3,86010136,ศึกษาต่อ ม.4 โรงเรียนอื่น ใน กทม.,0,0,0
2567-3,86010136,สถาบันอาชีวศึกษาของรัฐบาล,0,0,0
2567-3,86010136,สถาบันอาชีวศึกษาของเอกชน,0,0,0
2567-3,86010136,ศึกษาต่อสถาบันอื่น ๆ,0,0,0
2567-3,86010136,ไม่ศึกษาต่อ ทำงานภาคอุตสาหกรรม,0,0,0
2567-3,86010136,ไม่ศึกษาต่อ ทำงานภาคการเกษตร,0,0,0
2567-3,86010136,ไม่ศึกษาต่อ ทำงานการประมง,0,0,0
2567-3,86010136,ไม่ศึกษาต่อ ทำงานค้าขาย ธุรกิจ,0,0,0
2567-3,86010136,ไม่ศึกษาต่อ ทำงานบริการ,0,0,0
2567-3,86010136,ไม่ศึกษาต่อ ทำงานรับจ้างทั่วไป,0,0,0
2567-3,86010136,ไม่ศึกษาต่อ ทำงานอื่น ๆ,0,0,0
2567-3,86010136,บวชในศาสนา,0,0,0
2567-3,86010136,ไม่ประกอบอาชีพและไม่ศึกษาต่อ,0,0,0
2567-3,86010136,อื่น ๆ,0,0,0
2567-3,86010137,นักเรียนจบทั้งหมด,0,0,0
2567-3,86010137,ศึกษาต่อ ม.4 โรงเรียนเดิม,0,0,0
2567-3,86010137,ศึกษาต่อ ม.4 โรงเรียนอื่น ในจังหวัดเดิม,0,0,0
2567-3,86010137,ศึกษาต่อ ม.4 โรงเรียนอื่น ในต่างจังหวัด,0,0,0
2567-3,86010137,ศึกษาต่อ ม.4 โรงเรียนอื่น ใน กทม.,0,0,0
2567-3,86010137,สถาบันอาชีวศึกษาของรัฐบาล,0,0,0
2567-3,86010137,สถาบันอาชีวศึกษาของเอกชน,0,0,0
2567-3,86010137,ศึกษาต่อสถาบันอื่น ๆ,0,0,0
2567-3,86010137,ไม่ศึกษาต่อ ทำงานภาคอุตสาหกรรม,0,0,0
2567-3,86010137,ไม่ศึกษาต่อ ทำงานภาคการเกษตร,0,0,0
2567-3,86010137,ไม่ศึกษาต่อ ทำงานการประมง,0,0,0
2567-3,86010137,ไม่ศึกษาต่อ ทำงานค้าขาย ธุรกิจ,0,0,0
2567-3,86010137,ไม่ศึกษาต่อ ทำงานบริการ,0,0,0
2567-3,86010137,ไม่ศึกษาต่อ ทำงานรับจ้างทั่วไป,0,0,0
2567-3,86010137,ไม่ศึกษาต่อ ทำงานอื่น ๆ,0,0,0
2567-3,86010137,บวชในศาสนา,0,0,0
2567-3,86010137,ไม่ประกอบอาชีพและไม่ศึกษาต่อ,0,0,0
2567-3,86010137,อื่น ๆ,0,0,0
2567-3,86010139,นักเรียนจบทั้งหมด,0,0,0
2567-3,86010139,ศึกษาต่อ ม.4 โรงเรียนเดิม,0,0,0
2567-3,86010139,ศึกษาต่อ ม.4 โรงเรียนอื่น ในจังหวัดเดิม,0,0,0
2567-3,86010139,ศึกษาต่อ ม.4 โรงเรียนอื่น ในต่างจังหวัด,0,0,0
2567-3,86010139,ศึกษาต่อ ม.4 โรงเรียนอื่น ใน กทม.,0,0,0
2567-3,86010139,สถาบันอาชีวศึกษาของรัฐบาล,0,0,0
2567-3,86010139,สถาบันอาชีวศึกษาของเอกชน,0,0,0
2567-3,86010139,ศึกษาต่อสถาบันอื่น ๆ,0,0,0
2567-3,86010139,ไม่ศึกษาต่อ ทำงานภาคอุตสาหกรรม,0,0,0
2567-3,86010139,ไม่ศึกษาต่อ ทำงานภาคการเกษตร,0,0,0
2567-3,86010139,ไม่ศึกษาต่อ ทำงานการประมง,0,0,0
2567-3,86010139,ไม่ศึกษาต่อ ทำงานค้าขาย ธุรกิจ,0,0,0
2567-3,86010139,ไม่ศึกษาต่อ ทำงานบริการ,0,0,0
2567-3,86010139,ไม่ศึกษาต่อ ทำงานรับจ้างทั่วไป,0,0,0
2567-3,86010139,ไม่ศึกษาต่อ ทำงานอื่น ๆ,0,0,0
2567-3,86010139,บวชในศาสนา,0,0,0
2567-3,86010139,ไม่ประกอบอาชีพและไม่ศึกษาต่อ,0,0,0
2567-3,86010139,อื่น ๆ,0,0,0
2567-3,86010140,นักเรียนจบทั้งหมด,13,8,21
2567-3,86010140,ศึกษาต่อ ม.4 โรงเรียนเดิม,0,0,0
2567-3,86010140,ศึกษาต่อ ม.4 โรงเรียนอื่น ในจังหวัดเดิม,11,8,19
2567-3,86010140,ศึกษาต่อ ม.4 โรงเรียนอื่น ในต่างจังหวัด,0,0,0
2567-3,86010140,ศึกษาต่อ ม.4 โรงเรียนอื่น ใน กทม.,0,0,0
2567-3,86010140,สถาบันอาชีวศึกษาของรัฐบาล,1,0,1
2567-3,86010140,สถาบันอาชีวศึกษาของเอกชน,1,0,1
2567-3,86010140,ศึกษาต่อสถาบันอื่น ๆ,0,0,0
2567-3,86010140,ไม่ศึกษาต่อ ทำงานภาคอุตสาหกรรม,0,0,0
2567-3,86010140,ไม่ศึกษาต่อ ทำงานภาคการเกษตร,0,0,0
2567-3,86010140,ไม่ศึกษาต่อ ทำงานการประมง,0,0,0
2567-3,86010140,ไม่ศึกษาต่อ ทำงานค้าขาย ธุรกิจ,0,0,0
2567-3,86010140,ไม่ศึกษาต่อ ทำงานบริการ,0,0,0
2567-3,86010140,ไม่ศึกษาต่อ ทำงานรับจ้างทั่วไป,0,0,0
2567-3,86010140,ไม่ศึกษาต่อ ทำงานอื่น ๆ,0,0,0
2567-3,86010140,บวชในศาสนา,0,0,0
2567-3,86010140,ไม่ประกอบอาชีพและไม่ศึกษาต่อ,0,0,0
2567-3,86010140,อื่น ๆ,0,0,0
2567-3,86010142,นักเรียนจบทั้งหมด,16,10,26
2567-3,86010142,ศึกษาต่อ ม.4 โรงเรียนเดิม,0,0,0
2567-3,86010142,ศึกษาต่อ ม.4 โรงเรียนอื่น ในจังหวัดเดิม,6,4,10
2567-3,86010142,ศึกษาต่อ ม.4 โรงเรียนอื่น ในต่างจังหวัด,0,0,0
2567-3,86010142,ศึกษาต่อ ม.4 โรงเรียนอื่น ใน กทม.,0,0,0
2567-3,86010142,สถาบันอาชีวศึกษาของรัฐบาล,8,4,12
2567-3,86010142,สถาบันอาชีวศึกษาของเอกชน,0,0,0
2567-3,86010142,ศึกษาต่อสถาบันอื่น ๆ,0,1,1
2567-3,86010142,ไม่ศึกษาต่อ ทำงานภาคอุตสาหกรรม,0,0,0
2567-3,86010142,ไม่ศึกษาต่อ ทำงานภาคการเกษตร,0,0,0
2567-3,86010142,ไม่ศึกษาต่อ ทำงานการประมง,0,0,0
2567-3,86010142,ไม่ศึกษาต่อ ทำงานค้าขาย ธุรกิจ,0,0,0
2567-3,86010142,ไม่ศึกษาต่อ ทำงานบริการ,0,0,0
2567-3,86010142,ไม่ศึกษาต่อ ทำงานรับจ้างทั่วไป,0,0,0
2567-3,86010142,ไม่ศึกษาต่อ ทำงานอื่น ๆ,2,1,3
2567-3,86010142,บวชในศาสนา,0,0,0
2567-3,86010142,ไม่ประกอบอาชีพและไม่ศึกษาต่อ,0,0,0
2567-3,86010142,อื่น ๆ,0,0,0
2567-3,86010143,นักเรียนจบทั้งหมด,0,0,0
2567-3,86010143,ศึกษาต่อ ม.4 โรงเรียนเดิม,0,0,0
2567-3,86010143,ศึกษาต่อ ม.4 โรงเรียนอื่น ในจังหวัดเดิม,0,0,0
2567-3,86010143,ศึกษาต่อ ม.4 โรงเรียนอื่น ในต่างจังหวัด,0,0,0
2567-3,86010143,ศึกษาต่อ ม.4 โรงเรียนอื่น ใน กทม.,0,0,0
2567-3,86010143,สถาบันอาชีวศึกษาของรัฐบาล,0,0,0
2567-3,86010143,สถาบันอาชีวศึกษาของเอกชน,0,0,0
2567-3,86010143,ศึกษาต่อสถาบันอื่น ๆ,0,0,0
2567-3,86010143,ไม่ศึกษาต่อ ทำงานภาคอุตสาหกรรม,0,0,0
2567-3,86010143,ไม่ศึกษาต่อ ทำงานภาคการเกษตร,0,0,0
2567-3,86010143,ไม่ศึกษาต่อ ทำงานการประมง,0,0,0
2567-3,86010143,ไม่ศึกษาต่อ ทำงานค้าขาย ธุรกิจ,0,0,0
2567-3,86010143,ไม่ศึกษาต่อ ทำงานบริการ,0,0,0
2567-3,86010143,ไม่ศึกษาต่อ ทำงานรับจ้างทั่วไป,0,0,0
2567-3,86010143,ไม่ศึกษาต่อ ทำงานอื่น ๆ,0,0,0
2567-3,86010143,บวชในศาสนา,0,0,0
2567-3,86010143,ไม่ประกอบอาชีพและไม่ศึกษาต่อ,0,0,0
2567-3,86010143,อื่น ๆ,0,0,0
2567-3,86010145,นักเรียนจบทั้งหมด,9,12,21
2567-3,86010145,ศึกษาต่อ ม.4 โรงเรียนเดิม,0,0,0
2567-3,86010145,ศึกษาต่อ ม.4 โรงเรียนอื่น ในจังหวัดเดิม,7,12,19
2567-3,86010145,ศึกษาต่อ ม.4 โรงเรียนอื่น ในต่างจังหวัด,0,0,0
2567-3,86010145,ศึกษาต่อ ม.4 โรงเรียนอื่น ใน กทม.,0,0,0
2567-3,86010145,สถาบันอาชีวศึกษาของรัฐบาล,2,0,2
2567-3,86010145,สถาบันอาชีวศึกษาของเอกชน,0,0,0
2567-3,86010145,ศึกษาต่อสถาบันอื่น ๆ,0,0,0
2567-3,86010145,ไม่ศึกษาต่อ ทำงานภาคอุตสาหกรรม,0,0,0
2567-3,86010145,ไม่ศึกษาต่อ ทำงานภาคการเกษตร,0,0,0
2567-3,86010145,ไม่ศึกษาต่อ ทำงานการประมง,0,0,0
2567-3,86010145,ไม่ศึกษาต่อ ทำงานค้าขาย ธุรกิจ,0,0,0
2567-3,86010145,ไม่ศึกษาต่อ ทำงานบริการ,0,0,0
2567-3,86010145,ไม่ศึกษาต่อ ทำงานรับจ้างทั่วไป,0,0,0
2567-3,86010145,ไม่ศึกษาต่อ ทำงานอื่น ๆ,0,0,0
2567-3,86010145,บวชในศาสนา,0,0,0
2567-3,86010145,ไม่ประกอบอาชีพและไม่ศึกษาต่อ,0,0,0
2567-3,86010145,อื่น ๆ,0,0,0
2567-3,86010000,นักเรียนจบทั้งหมด,579,492,1071
2567-3,86010000,ศึกษาต่อ ม.4 โรงเรียนเดิม,22,35,57
2567-3,86010000,ศึกษาต่อ ม.4 โรงเรียนอื่น ในจังหวัดเดิม,196,244,440
2567-3,86010000,ศึกษาต่อ ม.4 โรงเรียนอื่น ในต่างจังหวัด,7,6,13
2567-3,86010000,ศึกษาต่อ ม.4 โรงเรียนอื่น ใน กทม.,0,1,1
2567-3,86010000,สถาบันอาชีวศึกษาของรัฐบาล,297,182,479
2567-3,86010000,สถาบันอาชีวศึกษาของเอกชน,2,3,5
2567-3,86010000,ศึกษาต่อสถาบันอื่น ๆ,35,20,55
2567-3,86010000,ไม่ศึกษาต่อ ทำงานภาคอุตสาหกรรม,0,0,0
2567-3,86010000,ไม่ศึกษาต่อ ทำงานภาคการเกษตร,1,0,1
2567-3,86010000,ไม่ศึกษาต่อ ทำงานการประมง,0,0,0
2567-3,86010000,ไม่ศึกษาต่อ ทำงานค้าขาย ธุรกิจ,1,0,1
2567-3,86010000,ไม่ศึกษาต่อ ทำงานบริการ,0,0,0
2567-3,86010000,ไม่ศึกษาต่อ ทำงานรับจ้างทั่วไป,8,0,8
2567-3,86010000,ไม่ศึกษาต่อ ทำงานอื่น ๆ,6,1,7
2567-3,86010000,บวชในศาสนา,0,0,0
2567-3,86010000,ไม่ประกอบอาชีพและไม่ศึกษาต่อ,3,0,3
2567-3,86010000,อื่น ๆ,1,0,1
